p1,p2,p3,event,classical_width,improved_width,width_reduction
0.05,0.05,0.55,and,0.05,0.0025000000000000005,0.0475
0.05,0.05,0.55,or,0.09999999999999998,0.0024999999999999467,0.09750000000000003
0.05,0.095,0.55,and,0.05,0.004750000000000001,0.04525
0.05,0.095,0.55,or,0.14500000000000002,0.004750000000000032,0.14024999999999999
0.05,0.14,0.55,and,0.05,0.007000000000000001,0.043000000000000003
0.05,0.14,0.55,or,0.18999999999999995,0.006999999999999895,0.18300000000000005
0.05,0.185,0.55,and,0.05,0.00925,0.04075
0.05,0.185,0.55,or,0.235,0.009250000000000091,0.2257499999999999
0.05,0.22999999999999998,0.55,and,0.05,0.0115,0.038500000000000006
0.05,0.22999999999999998,0.55,or,0.28,0.011500000000000066,0.26849999999999996
0.05,0.27499999999999997,0.55,and,0.05,0.01375,0.036250000000000004
0.05,0.27499999999999997,0.55,or,0.32499999999999996,0.013750000000000151,0.3112499999999998
0.05,0.32,0.55,and,0.05,0.016,0.034
0.05,0.32,0.55,or,0.37,0.015999999999999903,0.3540000000000001
0.05,0.365,0.55,and,0.05,0.01825,0.03175
0.05,0.365,0.55,or,0.41500000000000004,0.01824999999999999,0.39675000000000005
0.05,0.41,0.55,and,0.05,0.0205,0.029500000000000002
0.05,0.41,0.55,or,0.44999999999999996,0.020500000000000185,0.42949999999999977
0.05,0.45499999999999996,0.55,and,0.05,0.022500000000000003,0.0275
0.05,0.45499999999999996,0.55,or,0.44999999999999996,0.022500000000000075,0.4274999999999999
0.05,0.49999999999999994,0.55,and,0.05,0.0225,0.027500000000000004
0.05,0.49999999999999994,0.55,or,0.44999999999999996,0.022499999999999853,0.4275000000000001
0.05,0.545,0.55,and,0.05,0.0225,0.027500000000000004
0.05,0.545,0.55,or,0.44999999999999996,0.022500000000000075,0.4274999999999999
0.05,0.5900000000000001,0.55,and,0.05,0.020499999999999997,0.029500000000000005
0.05,0.5900000000000001,0.55,or,0.4099999999999999,0.020500000000000074,0.38949999999999985
0.05,0.635,0.55,and,0.05,0.018250000000000002,0.03175
0.05,0.635,0.55,or,0.365,0.01824999999999999,0.34675
0.05,0.68,0.55,and,0.05,0.016,0.034
0.05,0.68,0.55,or,0.31999999999999995,0.015999999999999903,0.30400000000000005
0.05,0.725,0.55,and,0.05,0.013750000000000005,0.03625
0.05,0.725,0.55,or,0.275,0.013750000000000151,0.26124999999999987
0.05,0.77,0.55,and,0.05,0.011499999999999996,0.038500000000000006
0.05,0.77,0.55,or,0.22999999999999998,0.011500000000000066,0.21849999999999992
0.05,0.8150000000000001,0.55,and,0.05,0.009249999999999994,0.04075000000000001
0.05,0.8150000000000001,0.55,or,0.18499999999999994,0.00924999999999998,0.17574999999999996
0.05,0.86,0.55,and,0.05,0.006999999999999999,0.043000000000000003
0.05,0.86,0.55,or,0.14,0.007000000000000006,0.133
0.05,0.905,0.55,and,0.05,0.004749999999999997,0.045250000000000005
0.05,0.905,0.55,or,0.09499999999999997,0.004750000000000254,0.09024999999999972
0.05,0.95,0.55,and,0.05,0.0025000000000000022,0.0475
0.05,0.95,0.55,or,0.050000000000000044,0.0025000000000001688,0.047499999999999876
0.095,0.05,0.55,and,0.05,0.004750000000000002,0.04525
0.095,0.05,0.55,or,0.14500000000000002,0.004749999999999921,0.1402500000000001
0.095,0.095,0.55,and,0.095,0.009025,0.085975
0.095,0.095,0.55,or,0.18999999999999995,0.00902500000000006,0.18097499999999989
0.095,0.14,0.55,and,0.095,0.013300000000000001,0.0817
0.095,0.14,0.55,or,0.235,0.01330000000000009,0.2216999999999999
0.095,0.185,0.55,and,0.095,0.017575,0.077425
0.095,0.185,0.55,or,0.28,0.017574999999999896,0.26242500000000013
0.095,0.22999999999999998,0.55,and,0.095,0.021849999999999998,0.07315
0.095,0.22999999999999998,0.55,or,0.32499999999999996,0.021849999999999925,0.30315000000000003
0.095,0.27499999999999997,0.55,and,0.095,0.026124999999999995,0.068875
0.095,0.27499999999999997,0.55,or,0.37,0.026125000000000065,0.34387499999999993
0.095,0.32,0.55,and,0.095,0.0304,0.0646
0.095,0.32,0.55,or,0.41500000000000004,0.030399999999999983,0.38460000000000005
0.095,0.365,0.55,and,0.095,0.034675,0.060325000000000004
0.095,0.365,0.55,or,0.44999999999999996,0.0346749999999999,0.41532500000000006
0.095,0.41,0.55,and,0.095,0.03895,0.05605
0.095,0.41,0.55,or,0.44999999999999996,0.03895000000000004,0.4110499999999999
0.095,0.45499999999999996,0.55,and,0.095,0.042749999999999996,0.052250000000000005
0.095,0.45499999999999996,0.55,or,0.44999999999999996,0.042750000000000066,0.4072499999999999
0.095,0.49999999999999994,0.55,and,0.095,0.042749999999999996,0.052250000000000005
0.095,0.49999999999999994,0.55,or,0.44999999999999996,0.042750000000000066,0.4072499999999999
0.095,0.545,0.55,and,0.095,0.042749999999999996,0.052250000000000005
0.095,0.545,0.55,or,0.44999999999999996,0.04275000000000018,0.4072499999999998
0.095,0.5900000000000001,0.55,and,0.095,0.03894999999999999,0.05605000000000001
0.095,0.5900000000000001,0.55,or,0.4099999999999999,0.03894999999999982,0.3710500000000001
0.095,0.635,0.55,and,0.095,0.034675,0.060325000000000004
0.095,0.635,0.55,or,0.365,0.03467500000000001,0.330325
0.095,0.68,0.55,and,0.095,0.030400000000000003,0.06459999999999999
0.095,0.68,0.55,or,0.31999999999999995,0.030400000000000094,0.28959999999999986
0.095,0.725,0.55,and,0.095,0.02612500000000001,0.06887499999999999
0.095,0.725,0.55,or,0.275,0.026124999999999732,0.2488750000000003
0.095,0.77,0.55,and,0.095,0.021849999999999994,0.07315
0.095,0.77,0.55,or,0.22999999999999998,0.021849999999999925,0.20815000000000006
0.095,0.8150000000000001,0.55,and,0.095,0.017574999999999993,0.07742500000000001
0.095,0.8150000000000001,0.55,or,0.18499999999999994,0.017575000000000007,0.16742499999999993
0.095,0.86,0.55,and,0.095,0.013300000000000006,0.0817
0.095,0.86,0.55,or,0.14,0.013299999999999979,0.12670000000000003
0.095,0.905,0.55,and,0.095,0.009024999999999991,0.08597500000000001
0.095,0.905,0.55,or,0.09499999999999997,0.00902500000000006,0.08597499999999991
0.095,0.95,0.55,and,0.095,0.004750000000000004,0.09025
0.095,0.95,0.55,or,0.050000000000000044,0.004750000000000032,0.04525000000000001
0.14,0.05,0.55,and,0.05,0.007000000000000001,0.043000000000000003
0.14,0.05,0.55,or,0.18999999999999995,0.007000000000000117,0.18299999999999983
0.14,0.095,0.55,and,0.095,0.013300000000000001,0.0817
0.14,0.095,0.55,or,0.235,0.013299999999999979,0.2217
0.14,0.14,0.55,and,0.14,0.019600000000000003,0.12040000000000001
0.14,0.14,0.55,or,0.28,0.019600000000000062,0.26039999999999996
0.14,0.185,0.55,and,0.14,0.025900000000000003,0.11410000000000001
0.14,0.185,0.55,or,0.32499999999999996,0.025899999999999923,0.29910000000000003
0.14,0.22999999999999998,0.55,and,0.14,0.032200000000000006,0.1078
0.14,0.22999999999999998,0.55,or,0.37,0.03220000000000012,0.3377999999999999
0.14,0.27499999999999997,0.55,and,0.14,0.0385,0.1015
0.14,0.27499999999999997,0.55,or,0.41500000000000004,0.03849999999999987,0.37650000000000017
0.14,0.32,0.55,and,0.14,0.044800000000000006,0.0952
0.14,0.32,0.55,or,0.44999999999999996,0.04480000000000017,0.4051999999999998
0.14,0.365,0.55,and,0.14,0.051100000000000007,0.0889
0.14,0.365,0.55,or,0.44999999999999996,0.05109999999999992,0.39890000000000003
0.14,0.41,0.55,and,0.14,0.0574,0.0826
0.14,0.41,0.55,or,0.44999999999999996,0.05740000000000001,0.39259999999999995
0.14,0.45499999999999996,0.55,and,0.14,0.063,0.07700000000000001
0.14,0.45499999999999996,0.55,or,0.44999999999999996,0.06300000000000006,0.3869999999999999
0.14,0.49999999999999994,0.55,and,0.14,0.063,0.07700000000000001
0.14,0.49999999999999994,0.55,or,0.44999999999999996,0.06299999999999994,0.387
0.14,0.545,0.55,and,0.14,0.063,0.07700000000000001
0.14,0.545,0.55,or,0.44999999999999996,0.06299999999999994,0.387
0.14,0.5900000000000001,0.55,and,0.14,0.05739999999999999,0.08260000000000002
0.14,0.5900000000000001,0.55,or,0.4099999999999999,0.05740000000000012,0.3525999999999998
0.14,0.635,0.55,and,0.14,0.051100000000000007,0.0889
0.14,0.635,0.55,or,0.365,0.051100000000000034,0.31389999999999996
0.14,0.68,0.55,and,0.14,0.04479999999999999,0.09520000000000002
0.14,0.68,0.55,or,0.31999999999999995,0.04479999999999995,0.2752
0.14,0.725,0.55,and,0.14,0.038500000000000006,0.1015
0.14,0.725,0.55,or,0.275,0.03849999999999998,0.23650000000000004
0.14,0.77,0.55,and,0.14,0.032200000000000006,0.1078
0.14,0.77,0.55,or,0.22999999999999998,0.032199999999999895,0.1978000000000001
0.14,0.8150000000000001,0.55,and,0.14,0.025899999999999992,0.11410000000000002
0.14,0.8150000000000001,0.55,or,0.18499999999999994,0.025899999999999923,0.15910000000000002
0.14,0.86,0.55,and,0.14,0.019600000000000006,0.12040000000000001
0.14,0.86,0.55,or,0.14,0.019600000000000062,0.12039999999999995
0.14,0.905,0.55,and,0.14,0.013300000000000006,0.1267
0.14,0.905,0.55,or,0.09499999999999997,0.013299999999999979,0.0817
0.14,0.95,0.55,and,0.14,0.007000000000000006,0.133
0.14,0.95,0.55,or,0.050000000000000044,0.007000000000000006,0.04300000000000004
0.185,0.05,0.55,and,0.05,0.00925,0.04075
0.185,0.05,0.55,or,0.235,0.00924999999999998,0.22575
0.185,0.095,0.55,and,0.095,0.017575,0.077425
0.185,0.095,0.55,or,0.28,0.017575000000000007,0.262425
0.185,0.14,0.55,and,0.14,0.025900000000000003,0.11410000000000001
0.185,0.14,0.55,or,0.32499999999999996,0.025900000000000034,0.2990999999999999
0.185,0.185,0.55,and,0.185,0.034225000000000005,0.150775
0.185,0.185,0.55,or,0.37,0.03422500000000028,0.3357749999999997
0.185,0.22999999999999998,0.55,and,0.185,0.04255,0.14245
0.185,0.22999999999999998,0.55,or,0.41500000000000004,0.04255000000000009,0.37244999999999995
0.185,0.27499999999999997,0.55,and,0.185,0.050875,0.134125
0.185,0.27499999999999997,0.55,or,0.44999999999999996,0.050875000000000004,0.39912499999999995
0.185,0.32,0.55,and,0.185,0.0592,0.1258
0.185,0.32,0.55,or,0.44999999999999996,0.05919999999999992,0.39080000000000004
0.185,0.365,0.55,and,0.185,0.06752500000000002,0.11747499999999998
0.185,0.365,0.55,or,0.44999999999999996,0.06752500000000017,0.3824749999999998
0.185,0.41,0.55,and,0.185,0.07585,0.10915
0.185,0.41,0.55,or,0.44999999999999996,0.07584999999999997,0.37415
0.185,0.45499999999999996,0.55,and,0.185,0.08324999999999999,0.10175000000000001
0.185,0.45499999999999996,0.55,or,0.44999999999999996,0.08324999999999982,0.36675000000000013
0.185,0.49999999999999994,0.55,and,0.185,0.08324999999999999,0.10175000000000001
0.185,0.49999999999999994,0.55,or,0.44999999999999996,0.08324999999999982,0.36675000000000013
0.185,0.545,0.55,and,0.185,0.08324999999999999,0.10175000000000001
0.185,0.545,0.55,or,0.44999999999999996,0.08325000000000005,0.3667499999999999
0.185,0.5900000000000001,0.55,and,0.185,0.07584999999999999,0.10915000000000001
0.185,0.5900000000000001,0.55,or,0.4099999999999999,0.07584999999999997,0.33414999999999995
0.185,0.635,0.55,and,0.185,0.067525,0.117475
0.185,0.635,0.55,or,0.365,0.06752499999999984,0.29747500000000016
0.185,0.68,0.55,and,0.185,0.0592,0.1258
0.185,0.68,0.55,or,0.31999999999999995,0.05919999999999992,0.26080000000000003
0.185,0.725,0.55,and,0.185,0.050875000000000004,0.134125
0.185,0.725,0.55,or,0.275,0.05087499999999978,0.22412500000000024
0.185,0.77,0.55,and,0.185,0.042550000000000004,0.14245
0.185,0.77,0.55,or,0.22999999999999998,0.04255000000000009,0.1874499999999999
0.185,0.8150000000000001,0.55,and,0.185,0.03422499999999998,0.15077500000000002
0.185,0.8150000000000001,0.55,or,0.18499999999999994,0.03422499999999995,0.150775
0.185,0.86,0.55,and,0.185,0.025900000000000006,0.1591
0.185,0.86,0.55,or,0.14,0.025900000000000034,0.11409999999999998
0.185,0.905,0.55,and,0.185,0.017575000000000007,0.167425
0.185,0.905,0.55,or,0.09499999999999997,0.01757500000000012,0.07742499999999986
0.185,0.95,0.55,and,0.185,0.009250000000000008,0.17575
0.185,0.95,0.55,or,0.050000000000000044,0.00924999999999998,0.040750000000000064
0.22999999999999998,0.05,0.55,and,0.05,0.0115,0.038500000000000006
0.22999999999999998,0.05,0.55,or,0.28,0.011500000000000066,0.26849999999999996
0.22999999999999998,0.095,0.55,and,0.095,0.021849999999999998,0.07315
0.22999999999999998,0.095,0.55,or,0.32499999999999996,0.021850000000000036,0.3031499999999999
0.22999999999999998,0.14,0.55,and,0.14,0.0322,0.1078
0.22999999999999998,0.14,0.55,or,0.37,0.032200000000000006,0.3378
0.22999999999999998,0.185,0.55,and,0.185,0.04255,0.14245
0.22999999999999998,0.185,0.55,or,0.41500000000000004,0.04254999999999998,0.37245000000000006
0.22999999999999998,0.22999999999999998,0.55,and,0.22999999999999998,0.05289999999999999,0.17709999999999998
0.22999999999999998,0.22999999999999998,0.55,or,0.44999999999999996,0.052899999999999836,0.3971000000000001
0.22999999999999998,0.27499999999999997,0.55,and,0.22999999999999998,0.06324999999999999,0.16675
0.22999999999999998,0.27499999999999997,0.55,or,0.44999999999999996,0.06325000000000003,0.3867499999999999
0.22999999999999998,0.32,0.55,and,0.22999999999999998,0.0736,0.15639999999999998
0.22999999999999998,0.32,0.55,or,0.44999999999999996,0.0736,0.37639999999999996
0.22999999999999998,0.365,0.55,and,0.22999999999999998,0.08395,0.14604999999999999
0.22999999999999998,0.365,0.55,or,0.44999999999999996,0.08394999999999986,0.3660500000000001
0.22999999999999998,0.41,0.55,and,0.22999999999999998,0.09429999999999998,0.1357
0.22999999999999998,0.41,0.55,or,0.44999999999999996,0.09429999999999994,0.3557
0.22999999999999998,0.45499999999999996,0.55,and,0.22999999999999998,0.1035,0.1265
0.22999999999999998,0.45499999999999996,0.55,or,0.44999999999999996,0.10350000000000015,0.3464999999999998
0.22999999999999998,0.49999999999999994,0.55,and,0.22999999999999998,0.10349999999999998,0.1265
0.22999999999999998,0.49999999999999994,0.55,or,0.44999999999999996,0.10349999999999993,0.34650000000000003
0.22999999999999998,0.545,0.55,and,0.22999999999999998,0.10349999999999998,0.1265
0.22999999999999998,0.545,0.55,or,0.44999999999999996,0.10350000000000004,0.3464999999999999
0.22999999999999998,0.5900000000000001,0.55,and,0.22999999999999998,0.0943,0.1357
0.22999999999999998,0.5900000000000001,0.55,or,0.4099999999999999,0.09430000000000005,0.31569999999999987
0.22999999999999998,0.635,0.55,and,0.22999999999999998,0.08395,0.14604999999999999
0.22999999999999998,0.635,0.55,or,0.365,0.08394999999999986,0.28105000000000013
0.22999999999999998,0.68,0.55,and,0.22999999999999998,0.07359999999999997,0.1564
0.22999999999999998,0.68,0.55,or,0.31999999999999995,0.07360000000000011,0.24639999999999984
0.22999999999999998,0.725,0.55,and,0.22999999999999998,0.06325,0.16674999999999998
0.22999999999999998,0.725,0.55,or,0.275,0.06325000000000014,0.21174999999999988
0.22999999999999998,0.77,0.55,and,0.22999999999999998,0.0529,0.17709999999999998
0.22999999999999998,0.77,0.55,or,0.22999999999999998,0.05289999999999995,0.17710000000000004
0.22999999999999998,0.8150000000000001,0.55,and,0.22999999999999998,0.04254999999999998,0.18745
0.22999999999999998,0.8150000000000001,0.55,or,0.18499999999999994,0.04255000000000009,0.14244999999999985
0.22999999999999998,0.86,0.55,and,0.22999999999999998,0.032200000000000006,0.19779999999999998
0.22999999999999998,0.86,0.55,or,0.14,0.03220000000000023,0.10779999999999978
0.22999999999999998,0.905,0.55,and,0.22999999999999998,0.02184999999999998,0.20815
0.22999999999999998,0.905,0.55,or,0.09499999999999997,0.021849999999999814,0.07315000000000016
0.22999999999999998,0.95,0.55,and,0.22999999999999998,0.01150000000000001,0.21849999999999997
0.22999999999999998,0.95,0.55,or,0.050000000000000044,0.011499999999999955,0.03850000000000009
0.27499999999999997,0.05,0.55,and,0.05,0.013749999999999998,0.036250000000000004
0.27499999999999997,0.05,0.55,or,0.32499999999999996,0.013749999999999818,0.31125000000000014
0.27499999999999997,0.095,0.55,and,0.095,0.026124999999999995,0.068875
0.27499999999999997,0.095,0.55,or,0.37,0.026125000000000176,0.3438749999999998
0.27499999999999997,0.14,0.55,and,0.14,0.0385,0.1015
0.27499999999999997,0.14,0.55,or,0.41500000000000004,0.03849999999999998,0.37650000000000006
0.27499999999999997,0.185,0.55,and,0.185,0.050875,0.134125
0.27499999999999997,0.185,0.55,or,0.44999999999999996,0.050875000000000004,0.39912499999999995
0.27499999999999997,0.22999999999999998,0.55,and,0.22999999999999998,0.06324999999999999,0.16675
0.27499999999999997,0.22999999999999998,0.55,or,0.44999999999999996,0.06325000000000003,0.3867499999999999
0.27499999999999997,0.27499999999999997,0.55,and,0.27499999999999997,0.07562499999999998,0.19937499999999997
0.27499999999999997,0.27499999999999997,0.55,or,0.44999999999999996,0.07562499999999983,0.3743750000000001
0.27499999999999997,0.32,0.55,and,0.27499999999999997,0.088,0.18699999999999997
0.27499999999999997,0.32,0.55,or,0.44999999999999996,0.08799999999999997,0.362
0.27499999999999997,0.365,0.55,and,0.27499999999999997,0.10037499999999999,0.17462499999999997
0.27499999999999997,0.365,0.55,or,0.44999999999999996,0.1003750000000001,0.34962499999999985
0.27499999999999997,0.41,0.55,and,0.27499999999999997,0.11274999999999998,0.16225
0.27499999999999997,0.41,0.55,or,0.44999999999999996,0.1127499999999999,0.33725000000000005
0.27499999999999997,0.45499999999999996,0.55,and,0.27499999999999997,0.12374999999999994,0.15125000000000002
0.27499999999999997,0.45499999999999996,0.55,or,0.44999999999999996,0.1237499999999998,0.32625000000000015
0.27499999999999997,0.49999999999999994,0.55,and,0.27499999999999997,0.12374999999999997,0.15125
0.27499999999999997,0.49999999999999994,0.55,or,0.44999999999999996,0.1237499999999998,0.32625000000000015
0.27499999999999997,0.545,0.55,and,0.27499999999999997,0.12374999999999997,0.15125
0.27499999999999997,0.545,0.55,or,0.44999999999999996,0.12375000000000003,0.32624999999999993
0.27499999999999997,0.5900000000000001,0.55,and,0.27499999999999997,0.11274999999999996,0.16225
0.27499999999999997,0.5900000000000001,0.55,or,0.4099999999999999,0.1127499999999999,0.29725
0.27499999999999997,0.635,0.55,and,0.27499999999999997,0.10037499999999999,0.17462499999999997
0.27499999999999997,0.635,0.55,or,0.365,0.10037499999999988,0.2646250000000001
0.27499999999999997,0.68,0.55,and,0.27499999999999997,0.08799999999999997,0.187
0.27499999999999997,0.68,0.55,or,0.31999999999999995,0.08799999999999986,0.2320000000000001
0.27499999999999997,0.725,0.55,and,0.27499999999999997,0.07562499999999998,0.19937499999999997
0.27499999999999997,0.725,0.55,or,0.275,0.07562499999999983,0.1993750000000002
0.27499999999999997,0.77,0.55,and,0.27499999999999997,0.06325,0.21174999999999997
0.27499999999999997,0.77,0.55,or,0.22999999999999998,0.06325000000000003,0.16674999999999995
0.27499999999999997,0.8150000000000001,0.55,and,0.27499999999999997,0.050874999999999976,0.224125
0.27499999999999997,0.8150000000000001,0.55,or,0.18499999999999994,0.05087499999999978,0.13412500000000016
0.27499999999999997,0.86,0.55,and,0.27499999999999997,0.038500000000000034,0.23649999999999993
0.27499999999999997,0.86,0.55,or,0.14,0.03850000000000009,0.10149999999999992
0.27499999999999997,0.905,0.55,and,0.27499999999999997,0.02612500000000001,0.24887499999999996
0.27499999999999997,0.905,0.55,or,0.09499999999999997,0.026125000000000176,0.0688749999999998
0.27499999999999997,0.95,0.55,and,0.27499999999999997,0.013749999999999984,0.26125
0.27499999999999997,0.95,0.55,or,0.050000000000000044,0.013749999999999929,0.036250000000000115
0.32,0.05,0.55,and,0.05,0.016,0.034
0.32,0.05,0.55,or,0.37,0.016000000000000014,0.354
0.32,0.095,0.55,and,0.095,0.030400000000000003,0.06459999999999999
0.32,0.095,0.55,or,0.41500000000000004,0.030400000000000205,0.38459999999999983
0.32,0.14,0.55,and,0.14,0.044800000000000006,0.0952
0.32,0.14,0.55,or,0.44999999999999996,0.04480000000000006,0.4051999999999999
0.32,0.185,0.55,and,0.185,0.0592,0.1258
0.32,0.185,0.55,or,0.44999999999999996,0.05919999999999992,0.39080000000000004
0.32,0.22999999999999998,0.55,and,0.22999999999999998,0.07360000000000001,0.15639999999999998
0.32,0.22999999999999998,0.55,or,0.44999999999999996,0.07360000000000011,0.37639999999999985
0.32,0.27499999999999997,0.55,and,0.27499999999999997,0.088,0.18699999999999997
0.32,0.27499999999999997,0.55,or,0.44999999999999996,0.08800000000000008,0.3619999999999999
0.32,0.32,0.55,and,0.32,0.1024,0.21760000000000002
0.32,0.32,0.55,or,0.44999999999999996,0.10240000000000005,0.3475999999999999
0.32,0.365,0.55,and,0.32,0.1168,0.2032
0.32,0.365,0.55,or,0.44999999999999996,0.11679999999999979,0.33320000000000016
0.32,0.41,0.55,and,0.32,0.13119999999999998,0.18880000000000002
0.32,0.41,0.55,or,0.44999999999999996,0.13119999999999998,0.3188
0.32,0.45499999999999996,0.55,and,0.32,0.144,0.17600000000000002
0.32,0.45499999999999996,0.55,or,0.44999999999999996,0.1439999999999999,0.30600000000000005
0.32,0.49999999999999994,0.55,and,0.32,0.144,0.17600000000000002
0.32,0.49999999999999994,0.55,or,0.44999999999999996,0.14400000000000013,0.3059999999999998
0.32,0.545,0.55,and,0.32,0.144,0.17600000000000002
0.32,0.545,0.55,or,0.44999999999999996,0.1439999999999999,0.30600000000000005
0.32,0.5900000000000001,0.55,and,0.32,0.13119999999999998,0.18880000000000002
0.32,0.5900000000000001,0.55,or,0.4099999999999999,0.13119999999999998,0.27879999999999994
0.32,0.635,0.55,and,0.32,0.11679999999999999,0.20320000000000002
0.32,0.635,0.55,or,0.365,0.11680000000000001,0.24819999999999998
0.32,0.68,0.55,and,0.32,0.10239999999999999,0.21760000000000002
0.32,0.68,0.55,or,0.31999999999999995,0.10239999999999982,0.21760000000000013
0.32,0.725,0.55,and,0.32,0.08800000000000002,0.23199999999999998
0.32,0.725,0.55,or,0.275,0.08799999999999986,0.18700000000000017
0.32,0.77,0.55,and,0.32,0.0736,0.2464
0.32,0.77,0.55,or,0.22999999999999998,0.07360000000000011,0.15639999999999987
0.32,0.8150000000000001,0.55,and,0.32,0.059199999999999975,0.26080000000000003
0.32,0.8150000000000001,0.55,or,0.18499999999999994,0.0591999999999997,0.12580000000000024
0.32,0.86,0.55,and,0.32,0.044800000000000006,0.2752
0.32,0.86,0.55,or,0.14,0.04479999999999995,0.09520000000000006
0.32,0.905,0.55,and,0.32,0.030399999999999983,0.2896
0.32,0.905,0.55,or,0.09499999999999997,0.030399999999999983,0.06459999999999999
0.32,0.95,0.55,and,0.32,0.016000000000000014,0.304
0.32,0.95,0.55,or,0.050000000000000044,0.016000000000000014,0.03400000000000003
0.365,0.05,0.55,and,0.05,0.01825,0.03175
0.365,0.05,0.55,or,0.41500000000000004,0.018249999999999877,0.39675000000000016
0.365,0.095,0.55,and,0.095,0.034675,0.060325000000000004
0.365,0.095,0.55,or,0.44999999999999996,0.0346749999999999,0.41532500000000006
0.365,0.14,0.55,and,0.14,0.051100000000000007,0.0889
0.365,0.14,0.55,or,0.44999999999999996,0.051100000000000034,0.3988999999999999
0.365,0.185,0.55,and,0.185,0.067525,0.117475
0.365,0.185,0.55,or,0.44999999999999996,0.06752499999999995,0.382475
0.365,0.22999999999999998,0.55,and,0.22999999999999998,0.08395,0.14604999999999999
0.365,0.22999999999999998,0.55,or,0.44999999999999996,0.08394999999999997,0.36605
0.365,0.27499999999999997,0.55,and,0.27499999999999997,0.10037499999999999,0.17462499999999997
0.365,0.27499999999999997,0.55,or,0.44999999999999996,0.1003750000000001,0.34962499999999985
0.365,0.32,0.55,and,0.32,0.1168,0.2032
0.365,0.32,0.55,or,0.44999999999999996,0.11680000000000001,0.33319999999999994
0.365,0.365,0.55,and,0.365,0.13322499999999998,0.231775
0.365,0.365,0.55,or,0.44999999999999996,0.13322500000000004,0.3167749999999999
0.365,0.41,0.55,and,0.365,0.14964999999999998,0.21535
0.365,0.41,0.55,or,0.44999999999999996,0.14964999999999995,0.30035
0.365,0.45499999999999996,0.55,and,0.365,0.16424999999999998,0.20075
0.365,0.45499999999999996,0.55,or,0.44999999999999996,0.16425,0.28574999999999995
0.365,0.49999999999999994,0.55,and,0.365,0.16424999999999998,0.20075
0.365,0.49999999999999994,0.55,or,0.44999999999999996,0.16424999999999979,0.28575000000000017
0.365,0.545,0.55,and,0.365,0.16424999999999998,0.20075
0.365,0.545,0.55,or,0.44999999999999996,0.16425,0.28574999999999995
0.365,0.5900000000000001,0.55,and,0.365,0.14964999999999998,0.21535
0.365,0.5900000000000001,0.55,or,0.4099999999999999,0.14965000000000006,0.26034999999999986
0.365,0.635,0.55,and,0.365,0.13322499999999998,0.231775
0.365,0.635,0.55,or,0.365,0.13322500000000004,0.23177499999999995
0.365,0.68,0.55,and,0.365,0.11679999999999999,0.2482
0.365,0.68,0.55,or,0.31999999999999995,0.11680000000000001,0.20319999999999994
0.365,0.725,0.55,and,0.365,0.10037499999999999,0.264625
0.365,0.725,0.55,or,0.275,0.10037499999999999,0.17462500000000003
0.365,0.77,0.55,and,0.365,0.08394999999999997,0.28105
0.365,0.77,0.55,or,0.22999999999999998,0.08394999999999997,0.14605
0.365,0.8150000000000001,0.55,and,0.365,0.067525,0.297475
0.365,0.8150000000000001,0.55,or,0.18499999999999994,0.06752500000000017,0.11747499999999977
0.365,0.86,0.55,and,0.365,0.05109999999999998,0.3139
0.365,0.86,0.55,or,0.14,0.051100000000000256,0.08889999999999976
0.365,0.905,0.55,and,0.365,0.03467500000000001,0.330325
0.365,0.905,0.55,or,0.09499999999999997,0.03467500000000001,0.06032499999999996
0.365,0.95,0.55,and,0.365,0.01824999999999999,0.34675
0.365,0.95,0.55,or,0.050000000000000044,0.01824999999999999,0.031750000000000056
0.41,0.05,0.55,and,0.05,0.0205,0.029500000000000002
0.41,0.05,0.55,or,0.44999999999999996,0.020499999999999963,0.4295
0.41,0.095,0.55,and,0.095,0.03895,0.05605
0.41,0.095,0.55,or,0.44999999999999996,0.03895000000000004,0.4110499999999999
0.41,0.14,0.55,and,0.14,0.05740000000000001,0.0826
0.41,0.14,0.55,or,0.44999999999999996,0.05740000000000012,0.39259999999999984
0.41,0.185,0.55,and,0.185,0.07585,0.10915
0.41,0.185,0.55,or,0.44999999999999996,0.07584999999999997,0.37415
0.41,0.22999999999999998,0.55,and,0.22999999999999998,0.09429999999999998,0.1357
0.41,0.22999999999999998,0.55,or,0.44999999999999996,0.09429999999999983,0.3557000000000001
0.41,0.27499999999999997,0.55,and,0.27499999999999997,0.11274999999999998,0.16225
0.41,0.27499999999999997,0.55,or,0.44999999999999996,0.11275000000000002,0.33724999999999994
0.41,0.32,0.55,and,0.32,0.13119999999999998,0.18880000000000002
0.41,0.32,0.55,or,0.44999999999999996,0.13119999999999998,0.3188
0.41,0.365,0.55,and,0.365,0.14964999999999998,0.21535
0.41,0.365,0.55,or,0.44999999999999996,0.14964999999999984,0.3003500000000001
0.41,0.41,0.55,and,0.41,0.16809999999999997,0.2419
0.41,0.41,0.55,or,0.44999999999999996,0.16810000000000014,0.2818999999999998
0.41,0.45499999999999996,0.55,and,0.41,0.18449999999999997,0.2255
0.41,0.45499999999999996,0.55,or,0.44999999999999996,0.1844999999999999,0.26550000000000007
0.41,0.49999999999999994,0.55,and,0.41,0.18449999999999997,0.2255
0.41,0.49999999999999994,0.55,or,0.44999999999999996,0.1844999999999999,0.26550000000000007
0.41,0.545,0.55,and,0.41,0.18449999999999997,0.2255
0.41,0.545,0.55,or,0.44999999999999996,0.1844999999999999,0.26550000000000007
0.41,0.5900000000000001,0.55,and,0.41,0.16809999999999994,0.24190000000000003
0.41,0.5900000000000001,0.55,or,0.4099999999999999,0.1680999999999998,0.24190000000000011
0.41,0.635,0.55,and,0.41,0.14965,0.26034999999999997
0.41,0.635,0.55,or,0.365,0.14965000000000006,0.21534999999999993
0.41,0.68,0.55,and,0.41,0.13119999999999998,0.2788
0.41,0.68,0.55,or,0.31999999999999995,0.13119999999999998,0.18879999999999997
0.41,0.725,0.55,and,0.41,0.11275000000000002,0.29724999999999996
0.41,0.725,0.55,or,0.275,0.1127499999999999,0.16225000000000012
0.41,0.77,0.55,and,0.41,0.0943,0.3157
0.41,0.77,0.55,or,0.22999999999999998,0.09429999999999983,0.13570000000000015
0.41,0.8150000000000001,0.55,and,0.41,0.07584999999999997,0.33415
0.41,0.8150000000000001,0.55,or,0.18499999999999994,0.07584999999999997,0.10914999999999997
0.41,0.86,0.55,and,0.41,0.05740000000000001,0.35259999999999997
0.41,0.86,0.55,or,0.14,0.05740000000000012,0.0825999999999999
0.41,0.905,0.55,and,0.41,0.038949999999999985,0.37105
0.41,0.905,0.55,or,0.09499999999999997,0.03895000000000004,0.05604999999999993
0.41,0.95,0.55,and,0.41,0.020500000000000018,0.38949999999999996
0.41,0.95,0.55,or,0.050000000000000044,0.020499999999999963,0.02950000000000008
0.45499999999999996,0.05,0.55,and,0.05,0.022500000000000003,0.0275
0.45499999999999996,0.05,0.55,or,0.44999999999999996,0.022500000000000187,0.42749999999999977
0.45499999999999996,0.095,0.55,and,0.095,0.042749999999999996,0.052250000000000005
0.45499999999999996,0.095,0.55,or,0.44999999999999996,0.042750000000000066,0.4072499999999999
0.45499999999999996,0.14,0.55,and,0.14,0.063,0.07700000000000001
0.45499999999999996,0.14,0.55,or,0.44999999999999996,0.06299999999999994,0.387
0.45499999999999996,0.185,0.55,and,0.185,0.08324999999999999,0.10175000000000001
0.45499999999999996,0.185,0.55,or,0.44999999999999996,0.08324999999999982,0.36675000000000013
0.45499999999999996,0.22999999999999998,0.55,and,0.22999999999999998,0.10349999999999998,0.1265
0.45499999999999996,0.22999999999999998,0.55,or,0.44999999999999996,0.10349999999999993,0.34650000000000003
0.45499999999999996,0.27499999999999997,0.55,and,0.27499999999999997,0.12374999999999994,0.15125000000000002
0.45499999999999996,0.27499999999999997,0.55,or,0.44999999999999996,0.1237499999999998,0.32625000000000015
0.45499999999999996,0.32,0.55,and,0.32,0.144,0.17600000000000002
0.45499999999999996,0.32,0.55,or,0.44999999999999996,0.14400000000000002,0.30599999999999994
0.45499999999999996,0.365,0.55,and,0.365,0.16424999999999998,0.20075
0.45499999999999996,0.365,0.55,or,0.44999999999999996,0.16425,0.28574999999999995
0.45499999999999996,0.41,0.55,and,0.41,0.18449999999999997,0.2255
0.45499999999999996,0.41,0.55,or,0.44999999999999996,0.1845,0.26549999999999996
0.45499999999999996,0.45499999999999996,0.55,and,0.45499999999999996,0.20475000000000004,0.2502499999999999
0.45499999999999996,0.45499999999999996,0.55,or,0.44999999999999996,0.2047500000000002,0.24524999999999975
0.45499999999999996,0.49999999999999994,0.55,and,0.45499999999999996,0.20475,0.25025
0.45499999999999996,0.49999999999999994,0.55,or,0.44999999999999996,0.20475,0.24524999999999997
0.45499999999999996,0.545,0.55,and,0.45499999999999996,0.20475,0.25025
0.45499999999999996,0.545,0.55,or,0.44999999999999996,0.20475,0.24524999999999997
0.45499999999999996,0.5900000000000001,0.55,and,0.45499999999999996,0.18449999999999994,0.2705
0.45499999999999996,0.5900000000000001,0.55,or,0.4099999999999999,0.18449999999999978,0.22550000000000014
0.45499999999999996,0.635,0.55,and,0.45499999999999996,0.16425,0.29074999999999995
0.45499999999999996,0.635,0.55,or,0.365,0.16425,0.20074999999999998
0.45499999999999996,0.68,0.55,and,0.45499999999999996,0.14399999999999996,0.311
0.45499999999999996,0.68,0.55,or,0.31999999999999995,0.1439999999999999,0.17600000000000005
0.45499999999999996,0.725,0.55,and,0.45499999999999996,0.12374999999999997,0.33125
0.45499999999999996,0.725,0.55,or,0.275,0.12375000000000003,0.15125
0.45499999999999996,0.77,0.55,and,0.45499999999999996,0.10349999999999998,0.3515
0.45499999999999996,0.77,0.55,or,0.22999999999999998,0.10349999999999993,0.12650000000000006
0.45499999999999996,0.8150000000000001,0.55,and,0.45499999999999996,0.08324999999999999,0.37174999999999997
0.45499999999999996,0.8150000000000001,0.55,or,0.18499999999999994,0.08325000000000005,0.1017499999999999
0.45499999999999996,0.86,0.55,and,0.45499999999999996,0.063,0.39199999999999996
0.45499999999999996,0.86,0.55,or,0.14,0.06299999999999994,0.07700000000000007
0.45499999999999996,0.905,0.55,and,0.45499999999999996,0.04275000000000001,0.41224999999999995
0.45499999999999996,0.905,0.55,or,0.09499999999999997,0.042749999999999955,0.05225000000000002
0.45499999999999996,0.95,0.55,and,0.45499999999999996,0.022499999999999937,0.4325
0.45499999999999996,0.95,0.55,or,0.050000000000000044,0.022499999999999853,0.02750000000000019
0.49999999999999994,0.05,0.55,and,0.05,0.022500000000000003,0.0275
0.49999999999999994,0.05,0.55,or,0.44999999999999996,0.022500000000000075,0.4274999999999999
0.49999999999999994,0.095,0.55,and,0.095,0.042749999999999996,0.052250000000000005
0.49999999999999994,0.095,0.55,or,0.44999999999999996,0.042750000000000066,0.4072499999999999
0.49999999999999994,0.14,0.55,and,0.14,0.063,0.07700000000000001
0.49999999999999994,0.14,0.55,or,0.44999999999999996,0.06300000000000006,0.3869999999999999
0.49999999999999994,0.185,0.55,and,0.185,0.08324999999999999,0.10175000000000001
0.49999999999999994,0.185,0.55,or,0.44999999999999996,0.08324999999999994,0.36675
0.49999999999999994,0.22999999999999998,0.55,and,0.22999999999999998,0.10349999999999998,0.1265
0.49999999999999994,0.22999999999999998,0.55,or,0.44999999999999996,0.10349999999999993,0.34650000000000003
0.49999999999999994,0.27499999999999997,0.55,and,0.27499999999999997,0.12374999999999997,0.15125
0.49999999999999994,0.27499999999999997,0.55,or,0.44999999999999996,0.1237499999999998,0.32625000000000015
0.49999999999999994,0.32,0.55,and,0.32,0.144,0.17600000000000002
0.49999999999999994,0.32,0.55,or,0.44999999999999996,0.14400000000000002,0.30599999999999994
0.49999999999999994,0.365,0.55,and,0.365,0.16424999999999998,0.20075
0.49999999999999994,0.365,0.55,or,0.44999999999999996,0.1642499999999999,0.28575000000000006
0.49999999999999994,0.41,0.55,and,0.41,0.18449999999999997,0.2255
0.49999999999999994,0.41,0.55,or,0.44999999999999996,0.1844999999999999,0.26550000000000007
0.49999999999999994,0.45499999999999996,0.55,and,0.45499999999999996,0.20475,0.25025
0.49999999999999994,0.45499999999999996,0.55,or,0.44999999999999996,0.20475,0.24524999999999997
0.49999999999999994,0.49999999999999994,0.55,and,0.49999999999999994,0.22499999999999998,0.27499999999999997
0.49999999999999994,0.49999999999999994,0.55,or,0.44999999999999996,0.22499999999999987,0.2250000000000001
0.49999999999999994,0.545,0.55,and,0.49999999999999994,0.20475,0.29524999999999996
0.49999999999999994,0.545,0.55,or,0.44999999999999996,0.20475,0.24524999999999997
0.49999999999999994,0.5900000000000001,0.55,and,0.49999999999999994,0.18449999999999994,0.3155
0.49999999999999994,0.5900000000000001,0.55,or,0.4099999999999999,0.1844999999999999,0.22550000000000003
0.49999999999999994,0.635,0.55,and,0.49999999999999994,0.16425,0.33574999999999994
0.49999999999999994,0.635,0.55,or,0.365,0.16425,0.20074999999999998
0.49999999999999994,0.68,0.55,and,0.49999999999999994,0.14399999999999996,0.356
0.49999999999999994,0.68,0.55,or,0.31999999999999995,0.1439999999999999,0.17600000000000005
0.49999999999999994,0.725,0.55,and,0.49999999999999994,0.12374999999999997,0.37625
0.49999999999999994,0.725,0.55,or,0.275,0.12375000000000003,0.15125
0.49999999999999994,0.77,0.55,and,0.49999999999999994,0.10349999999999998,0.39649999999999996
0.49999999999999994,0.77,0.55,or,0.22999999999999998,0.10349999999999993,0.12650000000000006
0.49999999999999994,0.8150000000000001,0.55,and,0.49999999999999994,0.08324999999999999,0.41674999999999995
0.49999999999999994,0.8150000000000001,0.55,or,0.18499999999999994,0.08325000000000005,0.1017499999999999
0.49999999999999994,0.86,0.55,and,0.49999999999999994,0.063,0.43699999999999994
0.49999999999999994,0.86,0.55,or,0.14,0.06299999999999994,0.07700000000000007
0.49999999999999994,0.905,0.55,and,0.49999999999999994,0.04275000000000001,0.45724999999999993
0.49999999999999994,0.905,0.55,or,0.09499999999999997,0.042750000000000066,0.05224999999999991
0.49999999999999994,0.95,0.55,and,0.49999999999999994,0.022499999999999964,0.4775
0.49999999999999994,0.95,0.55,or,0.050000000000000044,0.022499999999999964,0.02750000000000008
0.545,0.05,0.55,and,0.05,0.0225,0.027500000000000004
0.545,0.05,0.55,or,0.44999999999999996,0.022499999999999964,0.4275
0.545,0.095,0.55,and,0.095,0.042749999999999996,0.052250000000000005
0.545,0.095,0.55,or,0.44999999999999996,0.04275000000000029,0.40724999999999967
0.545,0.14,0.55,and,0.14,0.063,0.07700000000000001
0.545,0.14,0.55,or,0.44999999999999996,0.06300000000000006,0.3869999999999999
0.545,0.185,0.55,and,0.185,0.08324999999999999,0.10175000000000001
0.545,0.185,0.55,or,0.44999999999999996,0.08325000000000005,0.3667499999999999
0.545,0.22999999999999998,0.55,and,0.22999999999999998,0.10349999999999998,0.1265
0.545,0.22999999999999998,0.55,or,0.44999999999999996,0.10349999999999993,0.34650000000000003
0.545,0.27499999999999997,0.55,and,0.27499999999999997,0.12374999999999997,0.15125
0.545,0.27499999999999997,0.55,or,0.44999999999999996,0.12375000000000003,0.32624999999999993
0.545,0.32,0.55,and,0.32,0.144,0.17600000000000002
0.545,0.32,0.55,or,0.44999999999999996,0.1439999999999999,0.30600000000000005
0.545,0.365,0.55,and,0.365,0.16424999999999998,0.20075
0.545,0.365,0.55,or,0.44999999999999996,0.16425,0.28574999999999995
0.545,0.41,0.55,and,0.41,0.18449999999999997,0.2255
0.545,0.41,0.55,or,0.44999999999999996,0.1845,0.26549999999999996
0.545,0.45499999999999996,0.55,and,0.45499999999999996,0.20475,0.25025
0.545,0.45499999999999996,0.55,or,0.44999999999999996,0.20475,0.24524999999999997
0.545,0.49999999999999994,0.55,and,0.49999999999999994,0.20475,0.29524999999999996
0.545,0.49999999999999994,0.55,or,0.44999999999999996,0.20475,0.24524999999999997
0.545,0.545,0.55,and,0.545,0.20475,0.34025000000000005
0.545,0.545,0.55,or,0.44999999999999996,0.20475,0.24524999999999997
0.545,0.5900000000000001,0.55,and,0.545,0.18449999999999994,0.3605000000000001
0.545,0.5900000000000001,0.55,or,0.4099999999999999,0.1844999999999999,0.22550000000000003
0.545,0.635,0.55,and,0.545,0.16425,0.38075000000000003
0.545,0.635,0.55,or,0.365,0.16425,0.20074999999999998
0.545,0.68,0.55,and,0.545,0.14399999999999996,0.4010000000000001
0.545,0.68,0.55,or,0.31999999999999995,0.1439999999999999,0.17600000000000005
0.545,0.725,0.55,and,0.545,0.12374999999999997,0.42125000000000007
0.545,0.725,0.55,or,0.275,0.12375000000000003,0.15125
0.545,0.77,0.55,and,0.545,0.10349999999999998,0.44150000000000006
0.545,0.77,0.55,or,0.22999999999999998,0.10349999999999993,0.12650000000000006
0.545,0.8150000000000001,0.55,and,0.545,0.08324999999999999,0.46175000000000005
0.545,0.8150000000000001,0.55,or,0.18499999999999994,0.08325000000000005,0.1017499999999999
0.545,0.86,0.55,and,0.545,0.063,0.48200000000000004
0.545,0.86,0.55,or,0.14,0.06299999999999994,0.07700000000000007
0.545,0.905,0.55,and,0.545,0.04275000000000001,0.5022500000000001
0.545,0.905,0.55,or,0.09499999999999997,0.042750000000000066,0.05224999999999991
0.545,0.95,0.55,and,0.5000000000000001,0.022499999999999964,0.47750000000000015
0.545,0.95,0.55,or,0.050000000000000044,0.022499999999999964,0.02750000000000008
0.5900000000000001,0.05,0.55,and,0.05,0.020499999999999997,0.029500000000000005
0.5900000000000001,0.05,0.55,or,0.4099999999999999,0.020499999999999963,0.38949999999999996
0.5900000000000001,0.095,0.55,and,0.095,0.03894999999999999,0.05605000000000001
0.5900000000000001,0.095,0.55,or,0.4099999999999999,0.03894999999999982,0.3710500000000001
0.5900000000000001,0.14,0.55,and,0.14,0.05739999999999999,0.08260000000000002
0.5900000000000001,0.14,0.55,or,0.4099999999999999,0.05740000000000001,0.3525999999999999
0.5900000000000001,0.185,0.55,and,0.185,0.07584999999999999,0.10915000000000001
0.5900000000000001,0.185,0.55,or,0.4099999999999999,0.07584999999999997,0.33414999999999995
0.5900000000000001,0.22999999999999998,0.55,and,0.22999999999999998,0.09429999999999997,0.13570000000000002
0.5900000000000001,0.22999999999999998,0.55,or,0.4099999999999999,0.09429999999999994,0.3157
0.5900000000000001,0.27499999999999997,0.55,and,0.27499999999999997,0.11274999999999996,0.16225
0.5900000000000001,0.27499999999999997,0.55,or,0.4099999999999999,0.1127499999999999,0.29725
0.5900000000000001,0.32,0.55,and,0.32,0.13119999999999998,0.18880000000000002
0.5900000000000001,0.32,0.55,or,0.4099999999999999,0.13119999999999998,0.27879999999999994
0.5900000000000001,0.365,0.55,and,0.365,0.14964999999999998,0.21535
0.5900000000000001,0.365,0.55,or,0.4099999999999999,0.14964999999999995,0.26034999999999997
0.5900000000000001,0.41,0.55,and,0.41,0.16809999999999994,0.24190000000000003
0.5900000000000001,0.41,0.55,or,0.4099999999999999,0.16810000000000003,0.2418999999999999
0.5900000000000001,0.45499999999999996,0.55,and,0.45499999999999996,0.18449999999999994,0.2705
0.5900000000000001,0.45499999999999996,0.55,or,0.4099999999999999,0.18449999999999978,0.22550000000000014
0.5900000000000001,0.49999999999999994,0.55,and,0.49999999999999994,0.18449999999999994,0.3155
0.5900000000000001,0.49999999999999994,0.55,or,0.4099999999999999,0.1844999999999999,0.22550000000000003
0.5900000000000001,0.545,0.55,and,0.545,0.18449999999999994,0.3605000000000001
0.5900000000000001,0.545,0.55,or,0.4099999999999999,0.1844999999999999,0.22550000000000003
0.5900000000000001,0.5900000000000001,0.55,and,0.55,0.16809999999999992,0.38190000000000013
0.5900000000000001,0.5900000000000001,0.55,or,0.4099999999999999,0.16809999999999992,0.2419
0.5900000000000001,0.635,0.55,and,0.55,0.14964999999999995,0.4003500000000001
0.5900000000000001,0.635,0.55,or,0.365,0.14964999999999984,0.21535000000000015
0.5900000000000001,0.68,0.55,and,0.55,0.13119999999999993,0.4188000000000001
0.5900000000000001,0.68,0.55,or,0.31999999999999995,0.13119999999999998,0.18879999999999997
0.5900000000000001,0.725,0.55,and,0.55,0.11274999999999996,0.4372500000000001
0.5900000000000001,0.725,0.55,or,0.275,0.1127499999999999,0.16225000000000012
0.5900000000000001,0.77,0.55,and,0.55,0.0943,0.45570000000000005
0.5900000000000001,0.77,0.55,or,0.22999999999999998,0.09430000000000005,0.13569999999999993
0.5900000000000001,0.8150000000000001,0.55,and,0.55,0.07584999999999997,0.47415000000000007
0.5900000000000001,0.8150000000000001,0.55,or,0.18499999999999994,0.07584999999999997,0.10914999999999997
0.5900000000000001,0.86,0.55,and,0.55,0.05740000000000001,0.49260000000000004
0.5900000000000001,0.86,0.55,or,0.14,0.05740000000000001,0.0826
0.5900000000000001,0.905,0.55,and,0.5050000000000001,0.03894999999999993,0.4660500000000002
0.5900000000000001,0.905,0.55,or,0.09499999999999997,0.03894999999999993,0.056050000000000044
0.5900000000000001,0.95,0.55,and,0.4600000000000002,0.020499999999999963,0.4395000000000002
0.5900000000000001,0.95,0.55,or,0.050000000000000044,0.020499999999999963,0.02950000000000008
0.635,0.05,0.55,and,0.05,0.018250000000000002,0.03175
0.635,0.05,0.55,or,0.365,0.0182500000000001,0.3467499999999999
0.635,0.095,0.55,and,0.095,0.034675,0.060325000000000004
0.635,0.095,0.55,or,0.365,0.03467500000000001,0.330325
0.635,0.14,0.55,and,0.14,0.051100000000000007,0.0889
0.635,0.14,0.55,or,0.365,0.051100000000000145,0.31389999999999985
0.635,0.185,0.55,and,0.185,0.067525,0.117475
0.635,0.185,0.55,or,0.365,0.06752499999999984,0.29747500000000016
0.635,0.22999999999999998,0.55,and,0.22999999999999998,0.08395,0.14604999999999999
0.635,0.22999999999999998,0.55,or,0.365,0.08394999999999986,0.28105000000000013
0.635,0.27499999999999997,0.55,and,0.27499999999999997,0.10037499999999999,0.17462499999999997
0.635,0.27499999999999997,0.55,or,0.365,0.10037499999999999,0.264625
0.635,0.32,0.55,and,0.32,0.11679999999999999,0.20320000000000002
0.635,0.32,0.55,or,0.365,0.11680000000000001,0.24819999999999998
0.635,0.365,0.55,and,0.365,0.13322499999999998,0.231775
0.635,0.365,0.55,or,0.365,0.13322500000000004,0.23177499999999995
0.635,0.41,0.55,and,0.41,0.14965,0.26034999999999997
0.635,0.41,0.55,or,0.365,0.14964999999999995,0.21535000000000004
0.635,0.45499999999999996,0.55,and,0.45499999999999996,0.16425,0.29074999999999995
0.635,0.45499999999999996,0.55,or,0.365,0.16425,0.20074999999999998
0.635,0.49999999999999994,0.55,and,0.49999999999999994,0.16425,0.33574999999999994
0.635,0.49999999999999994,0.55,or,0.365,0.16425,0.20074999999999998
0.635,0.545,0.55,and,0.545,0.16425,0.38075000000000003
0.635,0.545,0.55,or,0.365,0.16425,0.20074999999999998
0.635,0.5900000000000001,0.55,and,0.55,0.14964999999999995,0.4003500000000001
0.635,0.5900000000000001,0.55,or,0.365,0.14964999999999995,0.21535000000000004
0.635,0.635,0.55,and,0.55,0.13322499999999998,0.41677500000000006
0.635,0.635,0.55,or,0.365,0.13322499999999993,0.23177500000000006
0.635,0.68,0.55,and,0.55,0.11679999999999996,0.4332000000000001
0.635,0.68,0.55,or,0.31999999999999995,0.1167999999999999,0.20320000000000005
0.635,0.725,0.55,and,0.55,0.10037499999999999,0.44962500000000005
0.635,0.725,0.55,or,0.275,0.1003750000000001,0.17462499999999992
0.635,0.77,0.55,and,0.55,0.08394999999999997,0.4660500000000001
0.635,0.77,0.55,or,0.22999999999999998,0.08394999999999997,0.14605
0.635,0.8150000000000001,0.55,and,0.55,0.06752499999999995,0.4824750000000001
0.635,0.8150000000000001,0.55,or,0.18499999999999994,0.06752500000000006,0.11747499999999989
0.635,0.86,0.55,and,0.5050000000000001,0.051100000000000034,0.4539000000000001
0.635,0.86,0.55,or,0.14,0.05109999999999992,0.08890000000000009
0.635,0.905,0.55,and,0.4600000000000002,0.03467500000000001,0.4253250000000002
0.635,0.905,0.55,or,0.09499999999999997,0.03467500000000001,0.06032499999999996
0.635,0.95,0.55,and,0.41500000000000026,0.01824999999999999,0.39675000000000027
0.635,0.95,0.55,or,0.050000000000000044,0.01824999999999999,0.031750000000000056
0.68,0.05,0.55,and,0.05,0.016,0.034
0.68,0.05,0.55,or,0.31999999999999995,0.016000000000000014,0.30399999999999994
0.68,0.095,0.55,and,0.095,0.030399999999999996,0.0646
0.68,0.095,0.55,or,0.31999999999999995,0.03039999999999976,0.2896000000000002
0.68,0.14,0.55,and,0.14,0.04479999999999999,0.09520000000000002
0.68,0.14,0.55,or,0.31999999999999995,0.04480000000000006,0.2751999999999999
0.68,0.185,0.55,and,0.185,0.0592,0.1258
0.68,0.185,0.55,or,0.31999999999999995,0.05919999999999992,0.26080000000000003
0.68,0.22999999999999998,0.55,and,0.22999999999999998,0.07359999999999997,0.1564
0.68,0.22999999999999998,0.55,or,0.31999999999999995,0.07360000000000022,0.24639999999999973
0.68,0.27499999999999997,0.55,and,0.27499999999999997,0.08799999999999997,0.187
0.68,0.27499999999999997,0.55,or,0.31999999999999995,0.08799999999999986,0.2320000000000001
0.68,0.32,0.55,and,0.32,0.10239999999999998,0.21760000000000002
0.68,0.32,0.55,or,0.31999999999999995,0.10239999999999971,0.21760000000000024
0.68,0.365,0.55,and,0.365,0.11679999999999999,0.2482
0.68,0.365,0.55,or,0.31999999999999995,0.11680000000000013,0.20319999999999983
0.68,0.41,0.55,and,0.41,0.13119999999999998,0.2788
0.68,0.41,0.55,or,0.31999999999999995,0.13119999999999987,0.18880000000000008
0.68,0.45499999999999996,0.55,and,0.45499999999999996,0.14399999999999996,0.311
0.68,0.45499999999999996,0.55,or,0.31999999999999995,0.1439999999999999,0.17600000000000005
0.68,0.49999999999999994,0.55,and,0.49999999999999994,0.14399999999999996,0.356
0.68,0.49999999999999994,0.55,or,0.31999999999999995,0.1439999999999999,0.17600000000000005
0.68,0.545,0.55,and,0.545,0.14399999999999996,0.4010000000000001
0.68,0.545,0.55,or,0.31999999999999995,0.1439999999999999,0.17600000000000005
0.68,0.5900000000000001,0.55,and,0.55,0.13119999999999993,0.4188000000000001
0.68,0.5900000000000001,0.55,or,0.31999999999999995,0.13119999999999998,0.18879999999999997
0.68,0.635,0.55,and,0.55,0.11679999999999996,0.4332000000000001
0.68,0.635,0.55,or,0.31999999999999995,0.11680000000000001,0.20319999999999994
0.68,0.68,0.55,and,0.55,0.10239999999999999,0.44760000000000005
0.68,0.68,0.55,or,0.31999999999999995,0.10240000000000005,0.2175999999999999
0.68,0.725,0.55,and,0.55,0.08799999999999997,0.4620000000000001
0.68,0.725,0.55,or,0.275,0.08799999999999986,0.18700000000000017
0.68,0.77,0.55,and,0.55,0.0736,0.47640000000000005
0.68,0.77,0.55,or,0.22999999999999998,0.07359999999999989,0.1564000000000001
0.68,0.8150000000000001,0.55,and,0.5050000000000001,0.05919999999999992,0.4458000000000002
0.68,0.8150000000000001,0.55,or,0.18499999999999994,0.05919999999999981,0.12580000000000013
0.68,0.86,0.55,and,0.4600000000000002,0.04479999999999995,0.41520000000000024
0.68,0.86,0.55,or,0.14,0.04480000000000006,0.09519999999999995
0.68,0.905,0.55,and,0.41500000000000026,0.030399999999999983,0.3846000000000003
0.68,0.905,0.55,or,0.09499999999999997,0.030400000000000094,0.06459999999999988
0.68,0.95,0.55,and,0.37000000000000033,0.016000000000000014,0.3540000000000003
0.68,0.95,0.55,or,0.050000000000000044,0.016000000000000014,0.03400000000000003
0.725,0.05,0.55,and,0.05,0.013750000000000005,0.03625
0.725,0.05,0.55,or,0.275,0.013750000000000262,0.26124999999999976
0.725,0.095,0.55,and,0.095,0.02612500000000001,0.06887499999999999
0.725,0.095,0.55,or,0.275,0.026124999999999843,0.24887500000000018
0.725,0.14,0.55,and,0.14,0.038500000000000006,0.1015
0.725,0.14,0.55,or,0.275,0.03849999999999998,0.23650000000000004
0.725,0.185,0.55,and,0.185,0.050875000000000004,0.134125
0.725,0.185,0.55,or,0.275,0.05087499999999978,0.22412500000000024
0.725,0.22999999999999998,0.55,and,0.22999999999999998,0.06325,0.16674999999999998
0.725,0.22999999999999998,0.55,or,0.275,0.06325000000000025,0.21174999999999977
0.725,0.27499999999999997,0.55,and,0.27499999999999997,0.07562499999999998,0.19937499999999997
0.725,0.27499999999999997,0.55,or,0.275,0.07562499999999983,0.1993750000000002
0.725,0.32,0.55,and,0.32,0.08800000000000001,0.23199999999999998
0.725,0.32,0.55,or,0.275,0.08799999999999975,0.18700000000000028
0.725,0.365,0.55,and,0.365,0.10037499999999999,0.264625
0.725,0.365,0.55,or,0.275,0.1003750000000001,0.17462499999999992
0.725,0.41,0.55,and,0.41,0.11275000000000002,0.29724999999999996
0.725,0.41,0.55,or,0.275,0.1127499999999999,0.16225000000000012
0.725,0.45499999999999996,0.55,and,0.45499999999999996,0.12374999999999997,0.33125
0.725,0.45499999999999996,0.55,or,0.275,0.12375000000000003,0.15125
0.725,0.49999999999999994,0.55,and,0.49999999999999994,0.12374999999999997,0.37625
0.725,0.49999999999999994,0.55,or,0.275,0.12375000000000003,0.15125
0.725,0.545,0.55,and,0.545,0.12374999999999997,0.42125000000000007
0.725,0.545,0.55,or,0.275,0.12375000000000003,0.15125
0.725,0.5900000000000001,0.55,and,0.55,0.11274999999999996,0.4372500000000001
0.725,0.5900000000000001,0.55,or,0.275,0.1127499999999999,0.16225000000000012
0.725,0.635,0.55,and,0.55,0.10037499999999999,0.44962500000000005
0.725,0.635,0.55,or,0.275,0.10037499999999999,0.17462500000000003
0.725,0.68,0.55,and,0.55,0.08799999999999997,0.4620000000000001
0.725,0.68,0.55,or,0.275,0.08800000000000008,0.18699999999999994
0.725,0.725,0.55,and,0.55,0.07562500000000005,0.474375
0.725,0.725,0.55,or,0.275,0.07562499999999994,0.19937500000000008
0.725,0.77,0.55,and,0.5050000000000001,0.06325000000000003,0.4417500000000001
0.725,0.77,0.55,or,0.22999999999999998,0.06324999999999992,0.16675000000000006
0.725,0.8150000000000001,0.55,and,0.4600000000000002,0.050875000000000004,0.4091250000000002
0.725,0.8150000000000001,0.55,or,0.18499999999999994,0.05087499999999989,0.13412500000000005
0.725,0.86,0.55,and,0.41500000000000026,0.03849999999999998,0.3765000000000003
0.725,0.86,0.55,or,0.14,0.03850000000000009,0.10149999999999992
0.725,0.905,0.55,and,0.37000000000000033,0.026124999999999954,0.3438750000000004
0.725,0.905,0.55,or,0.09499999999999997,0.026125000000000065,0.06887499999999991
0.725,0.95,0.55,and,0.3250000000000004,0.01375000000000004,0.31125000000000036
0.725,0.95,0.55,or,0.050000000000000044,0.013749999999999929,0.036250000000000115
0.77,0.05,0.55,and,0.05,0.011499999999999996,0.038500000000000006
0.77,0.05,0.55,or,0.22999999999999998,0.011500000000000066,0.21849999999999992
0.77,0.095,0.55,and,0.095,0.021849999999999994,0.07315
0.77,0.095,0.55,or,0.22999999999999998,0.021849999999999925,0.20815000000000006
0.77,0.14,0.55,and,0.14,0.032200000000000006,0.1078
0.77,0.14,0.55,or,0.22999999999999998,0.032199999999999895,0.1978000000000001
0.77,0.185,0.55,and,0.185,0.042550000000000004,0.14245
0.77,0.185,0.55,or,0.22999999999999998,0.04255000000000009,0.1874499999999999
0.77,0.22999999999999998,0.55,and,0.22999999999999998,0.0529,0.17709999999999998
0.77,0.22999999999999998,0.55,or,0.22999999999999998,0.05289999999999995,0.17710000000000004
0.77,0.27499999999999997,0.55,and,0.27499999999999997,0.06325,0.21174999999999997
0.77,0.27499999999999997,0.55,or,0.22999999999999998,0.06324999999999992,0.16675000000000006
0.77,0.32,0.55,and,0.32,0.0736,0.2464
0.77,0.32,0.55,or,0.22999999999999998,0.0736,0.15639999999999998
0.77,0.365,0.55,and,0.365,0.08394999999999997,0.28105
0.77,0.365,0.55,or,0.22999999999999998,0.08394999999999997,0.14605
0.77,0.41,0.55,and,0.41,0.0943,0.3157
0.77,0.41,0.55,or,0.22999999999999998,0.09429999999999994,0.13570000000000004
0.77,0.45499999999999996,0.55,and,0.45499999999999996,0.10349999999999998,0.3515
0.77,0.45499999999999996,0.55,or,0.22999999999999998,0.10349999999999993,0.12650000000000006
0.77,0.49999999999999994,0.55,and,0.49999999999999994,0.10349999999999998,0.39649999999999996
0.77,0.49999999999999994,0.55,or,0.22999999999999998,0.10349999999999993,0.12650000000000006
0.77,0.545,0.55,and,0.545,0.10349999999999998,0.44150000000000006
0.77,0.545,0.55,or,0.22999999999999998,0.10349999999999993,0.12650000000000006
0.77,0.5900000000000001,0.55,and,0.55,0.0943,0.45570000000000005
0.77,0.5900000000000001,0.55,or,0.22999999999999998,0.09430000000000005,0.13569999999999993
0.77,0.635,0.55,and,0.55,0.08394999999999997,0.4660500000000001
0.77,0.635,0.55,or,0.22999999999999998,0.08394999999999997,0.14605
0.77,0.68,0.55,and,0.55,0.0736,0.47640000000000005
0.77,0.68,0.55,or,0.22999999999999998,0.0736,0.15639999999999998
0.77,0.725,0.55,and,0.5050000000000001,0.06325000000000003,0.4417500000000001
0.77,0.725,0.55,or,0.22999999999999998,0.06325000000000003,0.16674999999999995
0.77,0.77,0.55,and,0.4600000000000002,0.05289999999999995,0.40710000000000024
0.77,0.77,0.55,or,0.22999999999999998,0.05289999999999995,0.17710000000000004
0.77,0.8150000000000001,0.55,and,0.41500000000000026,0.04254999999999998,0.3724500000000003
0.77,0.8150000000000001,0.55,or,0.18499999999999994,0.04254999999999998,0.14244999999999997
0.77,0.86,0.55,and,0.37000000000000033,0.032200000000000006,0.3378000000000003
0.77,0.86,0.55,or,0.14,0.032200000000000006,0.1078
0.77,0.905,0.55,and,0.32499999999999996,0.021850000000000036,0.3031499999999999
0.77,0.905,0.55,or,0.09499999999999997,0.021850000000000036,0.07314999999999994
0.77,0.95,0.55,and,0.28,0.011499999999999955,0.26850000000000007
0.77,0.95,0.55,or,0.050000000000000044,0.011499999999999844,0.0385000000000002
0.8150000000000001,0.05,0.55,and,0.05,0.009249999999999994,0.04075000000000001
0.8150000000000001,0.05,0.55,or,0.18499999999999994,0.00924999999999998,0.17574999999999996
0.8150000000000001,0.095,0.55,and,0.095,0.017574999999999993,0.07742500000000001
0.8150000000000001,0.095,0.55,or,0.18499999999999994,0.017574999999999896,0.16742500000000005
0.8150000000000001,0.14,0.55,and,0.14,0.025899999999999992,0.11410000000000002
0.8150000000000001,0.14,0.55,or,0.18499999999999994,0.025899999999999923,0.15910000000000002
0.8150000000000001,0.185,0.55,and,0.185,0.03422499999999998,0.15077500000000002
0.8150000000000001,0.185,0.55,or,0.18499999999999994,0.03422499999999984,0.1507750000000001
0.8150000000000001,0.22999999999999998,0.55,and,0.22999999999999998,0.04254999999999998,0.18745
0.8150000000000001,0.22999999999999998,0.55,or,0.18499999999999994,0.04255000000000009,0.14244999999999985
0.8150000000000001,0.27499999999999997,0.55,and,0.27499999999999997,0.050874999999999976,0.224125
0.8150000000000001,0.27499999999999997,0.55,or,0.18499999999999994,0.05087499999999989,0.13412500000000005
0.8150000000000001,0.32,0.55,and,0.32,0.05919999999999996,0.26080000000000003
0.8150000000000001,0.32,0.55,or,0.18499999999999994,0.0591999999999997,0.12580000000000024
0.8150000000000001,0.365,0.55,and,0.365,0.067525,0.297475
0.8150000000000001,0.365,0.55,or,0.18499999999999994,0.06752500000000017,0.11747499999999977
0.8150000000000001,0.41,0.55,and,0.41,0.07584999999999997,0.33415
0.8150000000000001,0.41,0.55,or,0.18499999999999994,0.07584999999999986,0.10915000000000008
0.8150000000000001,0.45499999999999996,0.55,and,0.45499999999999996,0.08324999999999999,0.37174999999999997
0.8150000000000001,0.45499999999999996,0.55,or,0.18499999999999994,0.08325000000000005,0.1017499999999999
0.8150000000000001,0.49999999999999994,0.55,and,0.49999999999999994,0.08324999999999999,0.41674999999999995
0.8150000000000001,0.49999999999999994,0.55,or,0.18499999999999994,0.08325000000000005,0.1017499999999999
0.8150000000000001,0.545,0.55,and,0.545,0.08324999999999999,0.46175000000000005
0.8150000000000001,0.545,0.55,or,0.18499999999999994,0.08325000000000005,0.1017499999999999
0.8150000000000001,0.5900000000000001,0.55,and,0.55,0.07584999999999997,0.47415000000000007
0.8150000000000001,0.5900000000000001,0.55,or,0.18499999999999994,0.07584999999999986,0.10915000000000008
0.8150000000000001,0.635,0.55,and,0.55,0.06752499999999995,0.4824750000000001
0.8150000000000001,0.635,0.55,or,0.18499999999999994,0.06752499999999995,0.117475
0.8150000000000001,0.68,0.55,and,0.5050000000000001,0.05919999999999992,0.4458000000000002
0.8150000000000001,0.68,0.55,or,0.18499999999999994,0.05920000000000003,0.1257999999999999
0.8150000000000001,0.725,0.55,and,0.4600000000000002,0.050875000000000004,0.4091250000000002
0.8150000000000001,0.725,0.55,or,0.18499999999999994,0.05087499999999989,0.13412500000000005
0.8150000000000001,0.77,0.55,and,0.41500000000000026,0.04254999999999998,0.3724500000000003
0.8150000000000001,0.77,0.55,or,0.18499999999999994,0.042549999999999866,0.14245000000000008
0.8150000000000001,0.8150000000000001,0.55,and,0.3699999999999999,0.03422499999999995,0.33577499999999993
0.8150000000000001,0.8150000000000001,0.55,or,0.18499999999999994,0.03422499999999984,0.1507750000000001
0.8150000000000001,0.86,0.55,and,0.32499999999999996,0.025900000000000034,0.2990999999999999
0.8150000000000001,0.86,0.55,or,0.14,0.025900000000000145,0.11409999999999987
0.8150000000000001,0.905,0.55,and,0.2799999999999996,0.017575000000000007,0.2624249999999996
0.8150000000000001,0.905,0.55,or,0.09499999999999997,0.01757500000000012,0.07742499999999986
0.8150000000000001,0.95,0.55,and,0.23499999999999965,0.00924999999999998,0.22574999999999967
0.8150000000000001,0.95,0.55,or,0.050000000000000044,0.00924999999999998,0.040750000000000064
0.86,0.05,0.55,and,0.05,0.006999999999999999,0.043000000000000003
0.86,0.05,0.55,or,0.14,0.007000000000000006,0.133
0.86,0.095,0.55,and,0.095,0.013300000000000006,0.0817
0.86,0.095,0.55,or,0.14,0.01330000000000009,0.12669999999999992
0.86,0.14,0.55,and,0.14,0.019600000000000006,0.12040000000000001
0.86,0.14,0.55,or,0.14,0.019600000000000062,0.12039999999999995
0.86,0.185,0.55,and,0.185,0.025900000000000006,0.1591
0.86,0.185,0.55,or,0.14,0.025899999999999923,0.11410000000000009
0.86,0.22999999999999998,0.55,and,0.22999999999999998,0.032200000000000006,0.19779999999999998
0.86,0.22999999999999998,0.55,or,0.14,0.03220000000000023,0.10779999999999978
0.86,0.27499999999999997,0.55,and,0.27499999999999997,0.038500000000000006,0.23649999999999996
0.86,0.27499999999999997,0.55,or,0.14,0.03849999999999987,0.10150000000000015
0.86,0.32,0.55,and,0.32,0.04479999999999998,0.2752
0.86,0.32,0.55,or,0.14,0.04479999999999984,0.09520000000000017
0.86,0.365,0.55,and,0.365,0.05109999999999998,0.3139
0.86,0.365,0.55,or,0.14,0.051100000000000034,0.08889999999999998
0.86,0.41,0.55,and,0.41,0.05740000000000001,0.35259999999999997
0.86,0.41,0.55,or,0.14,0.057399999999999896,0.08260000000000012
0.86,0.45499999999999996,0.55,and,0.45499999999999996,0.063,0.39199999999999996
0.86,0.45499999999999996,0.55,or,0.14,0.06299999999999994,0.07700000000000007
0.86,0.49999999999999994,0.55,and,0.49999999999999994,0.063,0.43699999999999994
0.86,0.49999999999999994,0.55,or,0.14,0.06299999999999994,0.07700000000000007
0.86,0.545,0.55,and,0.545,0.063,0.48200000000000004
0.86,0.545,0.55,or,0.14,0.06299999999999994,0.07700000000000007
0.86,0.5900000000000001,0.55,and,0.55,0.05740000000000001,0.49260000000000004
0.86,0.5900000000000001,0.55,or,0.14,0.057399999999999896,0.08260000000000012
0.86,0.635,0.55,and,0.5050000000000001,0.051100000000000034,0.4539000000000001
0.86,0.635,0.55,or,0.14,0.051100000000000034,0.08889999999999998
0.86,0.68,0.55,and,0.4600000000000002,0.04479999999999995,0.41520000000000024
0.86,0.68,0.55,or,0.14,0.04480000000000006,0.09519999999999995
0.86,0.725,0.55,and,0.41500000000000026,0.03849999999999998,0.3765000000000003
0.86,0.725,0.55,or,0.14,0.03849999999999987,0.10150000000000015
0.86,0.77,0.55,and,0.37000000000000033,0.032200000000000006,0.3378000000000003
0.86,0.77,0.55,or,0.14,0.032199999999999895,0.10780000000000012
0.86,0.8150000000000001,0.55,and,0.32499999999999996,0.025900000000000034,0.2990999999999999
0.86,0.8150000000000001,0.55,or,0.14,0.025899999999999923,0.11410000000000009
0.86,0.86,0.55,and,0.28,0.01959999999999995,0.2604000000000001
0.86,0.86,0.55,or,0.14,0.019600000000000062,0.12039999999999995
0.86,0.905,0.55,and,0.23499999999999965,0.013299999999999979,0.22169999999999968
0.86,0.905,0.55,or,0.09499999999999997,0.01330000000000009,0.08169999999999988
0.86,0.95,0.55,and,0.18999999999999972,0.007000000000000006,0.18299999999999972
0.86,0.95,0.55,or,0.050000000000000044,0.007000000000000117,0.04299999999999993
0.905,0.05,0.55,and,0.05,0.004749999999999997,0.045250000000000005
0.905,0.05,0.55,or,0.09499999999999997,0.004750000000000143,0.09024999999999983
0.905,0.095,0.55,and,0.095,0.009024999999999991,0.08597500000000001
0.905,0.095,0.55,or,0.09499999999999997,0.00902499999999995,0.08597500000000002
0.905,0.14,0.55,and,0.14,0.013300000000000006,0.1267
0.905,0.14,0.55,or,0.09499999999999997,0.013299999999999979,0.0817
0.905,0.185,0.55,and,0.185,0.017575000000000007,0.167425
0.905,0.185,0.55,or,0.09499999999999997,0.01757500000000012,0.07742499999999986
0.905,0.22999999999999998,0.55,and,0.22999999999999998,0.02184999999999998,0.20815
0.905,0.22999999999999998,0.55,or,0.09499999999999997,0.021850000000000036,0.07314999999999994
0.905,0.27499999999999997,0.55,and,0.27499999999999997,0.02612499999999998,0.24887499999999999
0.905,0.27499999999999997,0.55,or,0.09499999999999997,0.026125000000000065,0.06887499999999991
0.905,0.32,0.55,and,0.32,0.030399999999999983,0.2896
0.905,0.32,0.55,or,0.09499999999999997,0.030399999999999983,0.06459999999999999
0.905,0.365,0.55,and,0.365,0.03467500000000001,0.330325
0.905,0.365,0.55,or,0.09499999999999997,0.03467500000000001,0.06032499999999996
0.905,0.41,0.55,and,0.41,0.038949999999999985,0.37105
0.905,0.41,0.55,or,0.09499999999999997,0.03894999999999993,0.056050000000000044
0.905,0.45499999999999996,0.55,and,0.45499999999999996,0.04275000000000001,0.41224999999999995
0.905,0.45499999999999996,0.55,or,0.09499999999999997,0.042750000000000066,0.05224999999999991
0.905,0.49999999999999994,0.55,and,0.49999999999999994,0.04275000000000001,0.45724999999999993
0.905,0.49999999999999994,0.55,or,0.09499999999999997,0.042750000000000066,0.05224999999999991
0.905,0.545,0.55,and,0.545,0.04275000000000001,0.5022500000000001
0.905,0.545,0.55,or,0.09499999999999997,0.042750000000000066,0.05224999999999991
0.905,0.5900000000000001,0.55,and,0.5050000000000001,0.03894999999999993,0.4660500000000002
0.905,0.5900000000000001,0.55,or,0.09499999999999997,0.03894999999999993,0.056050000000000044
0.905,0.635,0.55,and,0.4600000000000002,0.03467500000000001,0.4253250000000002
0.905,0.635,0.55,or,0.09499999999999997,0.03467500000000001,0.06032499999999996
0.905,0.68,0.55,and,0.41500000000000026,0.030399999999999983,0.3846000000000003
0.905,0.68,0.55,or,0.09499999999999997,0.030399999999999983,0.06459999999999999
0.905,0.725,0.55,and,0.37000000000000033,0.026124999999999954,0.3438750000000004
0.905,0.725,0.55,or,0.09499999999999997,0.026124999999999954,0.06887500000000002
0.905,0.77,0.55,and,0.32499999999999996,0.021850000000000036,0.3031499999999999
0.905,0.77,0.55,or,0.09499999999999997,0.021850000000000036,0.07314999999999994
0.905,0.8150000000000001,0.55,and,0.2799999999999996,0.017575000000000007,0.2624249999999996
0.905,0.8150000000000001,0.55,or,0.09499999999999997,0.017575000000000007,0.07742499999999997
0.905,0.86,0.55,and,0.23499999999999965,0.013299999999999979,0.22169999999999968
0.905,0.86,0.55,or,0.09499999999999997,0.013299999999999979,0.0817
0.905,0.905,0.55,and,0.18999999999999972,0.00902499999999995,0.18097499999999977
0.905,0.905,0.55,or,0.09499999999999997,0.00902499999999995,0.08597500000000002
0.905,0.95,0.55,and,0.1449999999999998,0.004750000000000032,0.14024999999999976
0.905,0.95,0.55,or,0.050000000000000044,0.004750000000000032,0.04525000000000001
0.95,0.05,0.55,and,0.05,0.0025000000000000022,0.0475
0.95,0.05,0.55,or,0.050000000000000044,0.0025000000000000577,0.04749999999999999
0.95,0.095,0.55,and,0.095,0.004750000000000004,0.09025
0.95,0.095,0.55,or,0.050000000000000044,0.004750000000000032,0.04525000000000001
0.95,0.14,0.55,and,0.14,0.007000000000000006,0.133
0.95,0.14,0.55,or,0.050000000000000044,0.007000000000000006,0.04300000000000004
0.95,0.185,0.55,and,0.185,0.009250000000000008,0.17575
0.95,0.185,0.55,or,0.050000000000000044,0.00924999999999998,0.040750000000000064
0.95,0.22999999999999998,0.55,and,0.22999999999999998,0.01150000000000001,0.21849999999999997
0.95,0.22999999999999998,0.55,or,0.050000000000000044,0.011500000000000066,0.03849999999999998
0.95,0.27499999999999997,0.55,and,0.27499999999999997,0.013749999999999984,0.26125
0.95,0.27499999999999997,0.55,or,0.050000000000000044,0.013749999999999929,0.036250000000000115
0.95,0.32,0.55,and,0.32,0.016000000000000014,0.304
0.95,0.32,0.55,or,0.050000000000000044,0.016000000000000014,0.03400000000000003
0.95,0.365,0.55,and,0.365,0.01824999999999999,0.34675
0.95,0.365,0.55,or,0.050000000000000044,0.01824999999999999,0.031750000000000056
0.95,0.41,0.55,and,0.41,0.020500000000000018,0.38949999999999996
0.95,0.41,0.55,or,0.050000000000000044,0.020499999999999963,0.02950000000000008
0.95,0.45499999999999996,0.55,and,0.45499999999999996,0.022499999999999937,0.4325
0.95,0.45499999999999996,0.55,or,0.050000000000000044,0.022499999999999853,0.02750000000000019
0.95,0.49999999999999994,0.55,and,0.49999999999999994,0.022499999999999964,0.4775
0.95,0.49999999999999994,0.55,or,0.050000000000000044,0.022499999999999964,0.02750000000000008
0.95,0.545,0.55,and,0.5000000000000001,0.022499999999999964,0.47750000000000015
0.95,0.545,0.55,or,0.050000000000000044,0.022499999999999964,0.02750000000000008
0.95,0.5900000000000001,0.55,and,0.4600000000000002,0.020499999999999963,0.4395000000000002
0.95,0.5900000000000001,0.55,or,0.050000000000000044,0.020499999999999963,0.02950000000000008
0.95,0.635,0.55,and,0.41500000000000026,0.01824999999999999,0.39675000000000027
0.95,0.635,0.55,or,0.050000000000000044,0.01824999999999999,0.031750000000000056
0.95,0.68,0.55,and,0.37000000000000033,0.016000000000000014,0.3540000000000003
0.95,0.68,0.55,or,0.050000000000000044,0.016000000000000014,0.03400000000000003
0.95,0.725,0.55,and,0.3250000000000004,0.01375000000000004,0.31125000000000036
0.95,0.725,0.55,or,0.050000000000000044,0.01375000000000004,0.036250000000000004
0.95,0.77,0.55,and,0.28,0.011499999999999955,0.26850000000000007
0.95,0.77,0.55,or,0.050000000000000044,0.011499999999999955,0.03850000000000009
0.95,0.8150000000000001,0.55,and,0.23499999999999965,0.00924999999999998,0.22574999999999967
0.95,0.8150000000000001,0.55,or,0.050000000000000044,0.00924999999999998,0.040750000000000064
0.95,0.86,0.55,and,0.18999999999999972,0.007000000000000006,0.18299999999999972
0.95,0.86,0.55,or,0.050000000000000044,0.007000000000000006,0.04300000000000004
0.95,0.905,0.55,and,0.1449999999999998,0.004750000000000032,0.14024999999999976
0.95,0.905,0.55,or,0.050000000000000044,0.004750000000000032,0.04525000000000001
0.95,0.95,0.55,and,0.09999999999999987,0.0025000000000000577,0.09749999999999981
0.95,0.95,0.55,or,0.050000000000000044,0.0025000000000000577,0.04749999999999999
