rho,rho_neg,rho_pos,tpr_b_target,fpr_b_target,tpr_a_target,fpr_a_target,comp,n_samples,replicates,thr_a,thr_b,mu_a,mu_b,tpr_a,tpr_a_std,fpr_a,fpr_a_std,tpr_b,tpr_b_std,fpr_b,fpr_b_std,tpr_comp,tpr_comp_std,fpr_comp,fpr_comp_std,j_a,j_a_std,j_b,j_b_std,j_comp,j_comp_std,cc_max,cc_max_std,delta_add,delta_add_std,rho_score_neg_hat,rho_score_neg_hat_std,rho_score_pos_hat,rho_score_pos_hat_std,rho_dec_neg_hat,rho_dec_neg_hat_std,rho_dec_pos_hat,rho_dec_pos_hat_std
-0.6,-0.6,-0.6,0.6,0.08,0.82,0.08,AND,50000,5,1.4050715603096327,1.4050715603096327,2.3204366481524463,1.6584186634454325,0.820176,0.0015585506087387618,0.079924,0.0016116078927580408,0.601024,0.001997167994936814,0.08058,0.0009281163720137696,0.437188,0.0014759810296883901,6.8e-05,3.346640106136302e-05,0.740252,0.0028910759242883935,0.520444,0.001991652580145407,0.43712,0.0015081114017207202,0.5905082842860221,0.002952447596923184,-0.4383208436,0.0016549571812712472,-0.598614268681977,0.00123249852879374,-0.6005453763886139,0.0038455692413800883,-0.08632664280147459,0.0015129656680544622,-0.2964764716750721,0.004450688816224624
-0.6,-0.6,-0.6,0.6375,0.08,0.82,0.08,AND,50000,5,1.4050715603096327,1.4050715603096327,2.3204366481524463,1.7568559052447887,0.819072,0.0013733608411484427,0.0805,0.000978570385818004,0.637776,0.0018290653350823735,0.079992,0.001607955223257165,0.47001600000000004,0.002934089296527982,0.0001,1.414213562373095e-05,0.738572,0.001846542715454976,0.5577840000000001,0.001965929805461027,0.469916,0.0029430392454060303,0.6362482775626265,0.0034021863514518114,-0.41447772039999997,0.002402049226856733,-0.5990856503032218,0.003943787004158874,-0.6006780841147801,0.002812592154367034,-0.08588447153759506,0.0010498908462487828,-0.2830297429509862,0.004795057220271544
-0.6,-0.6,-0.6,0.675,0.08,0.82,0.08,AND,50000,5,1.4050715603096327,1.4050715603096327,2.3204366481524463,1.8588337504795123,0.820748,0.0018711814449700085,0.07902,0.0008677557259966677,0.673504,0.0018377377397223958,0.080264,0.0010482747731391808,0.50444,0.0008023714850366914,9.2e-05,4.147288270665544e-05,0.7417279999999999,0.0014930907541070584,0.59324,0.002160370338622564,0.504348,0.0008291682579549411,0.6799663852870237,0.002051511143226401,-0.39059882455999995,0.000873378137374418,-0.5992971103367044,0.0024633967507002785,-0.6003291471919752,0.002035599606582666,-0.08527275436333193,0.0011913575543082448,-0.26873874907080764,0.0020917491232532322
-0.6,-0.6,-0.6,0.7125,0.08,0.82,0.08,AND,50000,5,1.4050715603096327,1.4050715603096327,2.3204366481524463,1.965774592184716,0.81982,0.0013738267721950797,0.080288,0.0008710453489916583,0.7123200000000001,0.002859265639985195,0.078484,0.0007650359468678608,0.5400879999999999,0.0027030945229495765,6.400000000000001e-05,4.33589667773576e-05,0.739532,0.001974467016690794,0.633836,0.00341857865201314,0.5400240000000001,0.0027136469925176385,0.7302273165372335,0.003963986625205446,-0.36460397184,0.0019962258141493633,-0.5996250804995997,0.0033000381480746024,-0.5996986467151696,0.002524391930081131,-0.08534852003050517,0.0009543126955941143,-0.2522431388874596,0.003313359998788725
-0.6,-0.6,-0.6,0.75,0.08,0.82,0.08,AND,50000,5,1.4050715603096327,1.4050715603096327,2.3204366481524463,2.0795613105057145,0.8189160000000001,0.002477999192897386,0.080808,0.0006827298147876639,0.7511559999999999,0.0019781000985794684,0.079876,0.0008970395754926302,0.576068,0.0012293575557989712,9.2e-05,2.6832815729997476e-05,0.7381079999999999,0.0027994142244405595,0.67128,0.002544680726535285,0.575976,0.0012189667755931643,0.7803472524131994,0.0024463586355078838,-0.33793954887999994,0.0008794636865638996,-0.6005514859037187,0.002276475414591974,-0.5994887355623798,0.0029624571984780412,-0.08611418317168125,0.0004841062926647089,-0.23463068166532927,0.0013420827147515148
-0.6,-0.6,-0.6,0.7875,0.08,0.82,0.08,AND,50000,5,1.4050715603096327,1.4050715603096327,2.3204366481524463,2.202848406434871,0.8199960000000001,0.0006317277894789773,0.079276,0.0010418637146959284,0.787568,0.0019288131065502646,0.07936399999999999,0.0016197777625341085,0.611696,0.0022548348054791073,0.000108,7.155417527999328e-05,0.7407199999999999,0.001385857135494132,0.7082040000000001,0.001611235550749793,0.611588,0.0022828315750400867,0.8256647322901458,0.0016120463149907806,-0.31275371376,0.0016364069061994206,-0.5983589751508958,0.0018631176086843487,-0.5992983199653668,0.0027818668320611756,-0.08466998064839235,0.000905645215125223,-0.21703970453856783,0.0018792472004423109
-0.6,-0.6,-0.6,0.825,0.08,0.82,0.08,AND,50000,5,1.4050715603096327,1.4050715603096327,2.3204366481524463,2.3396608513831127,0.8198719999999999,0.0021269978843431307,0.08064,0.0014900335566691125,0.824848,0.0012190652156468078,0.07922799999999999,0.001983864914756045,0.64768,0.00215248693375823,0.00010400000000000001,2.6076809620810595e-05,0.739232,0.0019801818098346643,0.74562,0.0029420740983190762,0.647576,0.0021370259708295173,0.8685105624790406,0.0021813852141969303,-0.28608860408,0.0012849264586609797,-0.6005461830380339,0.0031833016263971728,-0.6001810772463746,0.00245144125802492,-0.08544886788676173,0.001518429797035262,-0.19573700179764292,0.0016100988978359997
-0.6,-0.6,-0.6,0.8625,0.08,0.82,0.08,AND,50000,5,1.4050715603096327,1.4050715603096327,2.3204366481524463,2.496691927743801,0.8204,0.0014427751037497118,0.080176,0.0006501384467942187,0.8620599999999999,0.001666433316997721,0.079596,0.0007442311468891925,0.6841200000000001,0.0031615502526450615,9.6e-05,5.366563145999496e-05,0.740224,0.00199014572330771,0.782464,0.0017314387081268645,0.684024,0.0031839095464538357,0.8741895547239489,0.002611468233473065,-0.2594630468,0.0023963991952613978,-0.6000904805171585,0.0021265915437405857,-0.6015966858219911,0.0027641831999915497,-0.08551367440100086,0.0011068834988510773,-0.174614503308333,0.0035336676204072823
-0.6,-0.6,-0.6,0.9,0.08,0.82,0.08,AND,50000,5,1.4050715603096327,1.4050715603096327,2.3204366481524463,2.6866231258542332,0.820708,0.0008753970527709236,0.08012,0.0011489125293076073,0.8996359999999999,0.0007659503900384184,0.08110799999999999,0.001504167543859394,0.7213399999999999,0.0011403508232118696,9.6e-05,4.33589667773576e-05,0.7405880000000001,0.0006165387254665975,0.8185279999999999,0.0013436963942796134,0.7212440000000001,0.0011532909433442998,0.8811494483418884,0.001980649952483176,-0.23167989008000006,0.0012711359184942436,-0.6005773115205397,0.0018865363499839304,-0.5985140402660447,0.0029276605265860594,-0.08638559200160113,0.0012072607957671305,-0.14747340978809403,0.0006885516055986607
-0.48,-0.48,-0.48,0.6,0.08,0.82,0.08,AND,50000,5,1.4050715603096327,1.4050715603096327,2.3204366481524463,1.6584186634454325,0.819824,0.0013227547013713445,0.07932399999999999,0.0005169912958648365,0.599796,0.0013657525398109366,0.07999999999999999,0.001101271991834899,0.445852,0.0012490476372020375,0.00045599999999999997,0.00016637307474468338,0.7404999999999999,0.001649666632989828,0.5197959999999999,0.0017397930911462272,0.445396,0.0013278102274044976,0.6014823205595329,0.0021874493060642505,-0.42999170727999997,0.0011800908308819587,-0.48143646083502556,0.003406861556178116,-0.4813391774439732,0.003470882741094676,-0.08034762596562797,0.0015476605572473906,-0.24363307586912591,0.003175455545974823
-0.48,-0.48,-0.48,0.6375,0.08,0.82,0.08,AND,50000,5,1.4050715603096327,1.4050715603096327,2.3204366481524463,1.7568559052447887,0.821528,0.001179542284108566,0.07938,0.0020109201873769133,0.6357039999999999,0.002300843323653293,0.079208,0.0010472440021313046,0.47862400000000005,0.004098521684705344,0.00048400000000000006,0.0001013903348450926,0.742148,0.0028325112532874915,0.556496,0.0016921820233060032,0.47813999999999995,0.004063126874711144,0.6442621073010936,0.004377122216725865,-0.40749847720000004,0.0030797752216970933,-0.4781764316666055,0.004106807455831772,-0.4809989201050585,0.0022334885548316616,-0.07948846474131363,0.0021833989367468516,-0.236736853116722,0.007739856512300127
-0.48,-0.48,-0.48,0.675,0.08,0.82,0.08,AND,50000,5,1.4050715603096327,1.4050715603096327,2.3204366481524463,1.8588337504795123,0.821804,0.0023229464048918585,0.07916399999999998,0.0008140515954164062,0.673532,0.0008445827372140718,0.079908,0.0010754161985017737,0.5141519999999999,0.0020182467639017743,0.00041199999999999993,0.00013608820668963196,0.74264,0.0030791882047059046,0.5936239999999999,0.0015739377370150272,0.5137400000000001,0.0019977487329491486,0.6917772884680472,0.0015770788573508856,-0.38167530752,0.0009976939470131253,-0.4779719038900637,0.0026113740242261273,-0.4767704901947952,0.005163362274779995,-0.080781589308235,0.0017717465766813158,-0.21933951016295214,0.0020565466483152585
-0.48,-0.48,-0.48,0.7125,0.08,0.82,0.08,AND,50000,5,1.4050715603096327,1.4050715603096327,2.3204366481524463,1.965774592184716,0.821184,0.0023258288845054583,0.079736,0.0006189345684319168,0.712536,0.001848372256879017,0.08074400000000001,0.00179824358750421,0.548436,0.00258319182408119,0.0004,5.477225575051661e-05,0.7414479999999999,0.0026291671685154915,0.631792,0.0033109394437228893,0.548036,0.0025741173244434646,0.7391435396667411,0.0025348025305698507,-0.35676587264000004,0.001648802299190865,-0.47949527869078484,0.004446352684110179,-0.48161208988207793,0.0035991553470996157,-0.08181685060983175,0.0004993102284120425,-0.2115465574636246,0.0018130419697948352
-0.48,-0.48,-0.48,0.75,0.08,0.82,0.08,AND,50000,5,1.4050715603096327,1.4050715603096327,2.3204366481524463,2.0795613105057145,0.820168,0.00208214312668462,0.08015599999999999,0.001183841205567706,0.750996,0.0035041518231948812,0.079392,0.0011863894807355685,0.58258,0.00449855532365667,0.000468,0.00011099549540409286,0.740012,0.0022266836326698784,0.6716040000000001,0.004349997701148821,0.5821120000000001,0.004577020865147928,0.7866174413870308,0.004187292405199682,-0.33250304759999993,0.002835902322660737,-0.48036629306050527,0.0028412939533900227,-0.48137527554817605,0.0037190979707653455,-0.0803109097875989,0.0014090825700064924,-0.20091725882378228,0.0012821725666003116
-0.48,-0.48,-0.48,0.7875,0.08,0.82,0.08,AND,50000,5,1.4050715603096327,1.4050715603096327,2.3204366481524463,2.202848406434871,0.8202999999999999,0.0005941380311004973,0.07949200000000001,0.0013260920028414342,0.787212,0.0016752671428760572,0.080352,0.0017528605192655823,0.6161840000000001,0.002009447685310571,0.000424,5.366563145999495e-05,0.7408080000000001,0.0012061177388629986,0.7068599999999999,0.0022516216378424005,0.6157600000000001,0.001979040171396212,0.8312003891646247,0.002241503633849468,-0.30825866384,0.0015427848856974598,-0.4781122045532461,0.002423614806480713,-0.4819203198842419,0.0035318309420003953,-0.08109546805656379,0.001911580327085302,-0.18815764780371266,0.0035275802539381372
-0.48,-0.48,-0.48,0.825,0.08,0.82,0.08,AND,50000,5,1.4050715603096327,1.4050715603096327,2.3204366481524463,2.3396608513831127,0.8208599999999999,0.0022738953362017537,0.080868,0.0012750372543576917,0.8236760000000001,0.002318335609871887,0.079244,0.0007331302749170799,0.650732,0.00204061755358515,0.0004359999999999999,9.528903399657277e-05,0.739992,0.0026794253115174,0.744432,0.0017891674041296353,0.650296,0.0020771807817327585,0.8732972224965702,0.0016421198839534053,-0.28325544416000004,0.0016369023691557862,-0.478840568328781,0.0025834165548995892,-0.48047129315860004,0.0045780621698690545,-0.08110222604331185,0.0011098624743736362,-0.17373463457207322,0.003307317667310703
-0.48,-0.48,-0.48,0.8625,0.08,0.82,0.08,AND,50000,5,1.4050715603096327,1.4050715603096327,2.3204366481524463,2.496691927743801,0.8192319999999998,0.0007501466523287375,0.080276,0.0011260905825021378,0.8622240000000001,0.0019421843372862586,0.07987999999999999,0.001153863076798976,0.6856,0.0021740745157422495,0.00037999999999999997,0.0001216552506059644,0.7389560000000001,0.0011483379293570418,0.7823439999999999,0.0022001090882044854,0.6852199999999999,0.002106608648990105,0.8758553966249452,0.0013398171168391567,-0.25796150383999994,0.0014570277704954904,-0.47994810924754294,0.0027763494156517647,-0.4775803170139046,0.005419169435286065,-0.08187846945840638,0.002128828776085371,-0.15653448530072298,0.0009543452662008742
-0.48,-0.48,-0.48,0.9,0.08,0.82,0.08,AND,50000,5,1.4050715603096327,1.4050715603096327,2.3204366481524463,2.6866231258542332,0.8203799999999999,0.0018688499137170121,0.079788,0.0007581028953908568,0.8999120000000002,0.0012533634748148495,0.079604,0.000864684913711349,0.722668,0.0027370275848079997,0.000388,4.3817804600413284e-05,0.740592,0.0021692671573598507,0.820308,0.0013268458840422852,0.7222799999999999,0.002736238293716347,0.8804980545233796,0.002829897905126837,-0.23110645000000005,0.002290465061916576,-0.4798734950204886,0.002348931842158925,-0.4785117528272247,0.005117948227985163,-0.08130636580234432,0.0009245041113183648,-0.13541558497287162,0.0031064576039664667
-0.36,-0.36,-0.36,0.6,0.08,0.82,0.08,AND,50000,5,1.4050715603096327,1.4050715603096327,2.3204366481524463,1.6584186634454325,0.8214560000000001,0.0014179844851055575,0.07948,0.0008469946871143858,0.60006,0.001606673582281095,0.080348,0.0020081633399701353,0.45850799999999997,0.002408343829273569,0.0011279999999999999,0.00026966646065093076,0.741976,0.0012628855846829653,0.519712,0.002504100636955298,0.45738,0.0025436194683954036,0.6164327288341986,0.002661753445787769,-0.4186938377600001,0.0017098196977051998,-0.3605746627153613,0.005536068822326891,-0.3607662997910631,0.0049697364425140495,-0.07151947212536074,0.0032093866230801554,-0.1834387627660766,0.0028357715266832365
-0.36,-0.36,-0.36,0.6375,0.08,0.82,0.08,AND,50000,5,1.4050715603096327,1.4050715603096327,2.3204366481524463,1.7568559052447887,0.8201959999999999,0.000665642546717059,0.079164,0.001854907005755271,0.636076,0.0021126002934771914,0.079536,0.001005126857665245,0.488824,0.001267548815628029,0.0012,8.944271909999158e-05,0.7410319999999999,0.002326826164542596,0.55654,0.0016373759494996722,0.487624,0.0013473974914627134,0.6580428517765136,0.003768639639308608,-0.3975365357599999,0.0019218788487234046,-0.3600471329518146,0.004857291366992667,-0.3595211206904145,0.0026601515022926492,-0.06975017049887808,0.002401370782723335,-0.17796937210287675,0.004084310579232783
-0.36,-0.36,-0.36,0.675,0.08,0.82,0.08,AND,50000,5,1.4050715603096327,1.4050715603096327,2.3204366481524463,1.8588337504795123,0.820832,0.001413831673149263,0.08041200000000001,0.0006597878446894846,0.673212,0.00222137795073236,0.07965599999999999,0.0012533475176502292,0.520928,0.0014409441349337627,0.0011880000000000003,9.654014708917738e-05,0.74042,0.001063484837691677,0.5935560000000001,0.0012896045905625277,0.51974,0.0014515508947329596,0.7019540685902141,0.0021904340661364355,-0.37475525528000003,0.0012641023044940016,-0.36259929660557605,0.0025449616921000215,-0.36147921256352944,0.00441501715542204,-0.07085439634570699,0.0018129662538916924,-0.17604809801617613,0.0020188147889337086
-0.36,-0.36,-0.36,0.7125,0.08,0.82,0.08,AND,50000,5,1.4050715603096327,1.4050715603096327,2.3204366481524463,1.965774592184716,0.820524,0.002822743346462807,0.079636,0.0010071146905889117,0.713448,0.000427223594854047,0.08013200000000001,0.0011764862940128122,0.556208,0.0024520032626405503,0.001112,0.0002594609797252759,0.740888,0.0030242552802301763,0.633316,0.0015107216818461692,0.555096,0.002423278770591586,0.7492319256231383,0.0019349464759997144,-0.34988989432000006,0.0013578057179391373,-0.3595682981819087,0.003008751123286613,-0.3615061681931223,0.005412479362303325,-0.07170928039816403,0.0026712440807839595,-0.16825411530052495,0.004366964958202039
-0.36,-0.36,-0.36,0.75,0.08,0.82,0.08,AND,50000,5,1.4050715603096327,1.4050715603096327,2.3204366481524463,2.0795613105057145,0.820796,0.0021804311500251603,0.080108,0.002128877638569209,0.750644,0.0005962214353744593,0.08036800000000001,0.0008085295294545528,0.5899479999999999,0.0014076647328110446,0.0012360000000000001,0.0001306904740216364,0.7406879999999999,0.0027350539299984982,0.670276,0.0008503411080266546,0.5887119999999999,0.0014192674166625316,0.7948215193633504,0.0015705825355207222,-0.32578692088,0.000760142409833291,-0.36122098008937586,0.004682405435829277,-0.35891511569890605,0.0013784836688290254,-0.0704925942777678,0.0006415261910489813,-0.15776960189332928,0.0019903187400044124
-0.36,-0.36,-0.36,0.7875,0.08,0.82,0.08,AND,50000,5,1.4050715603096327,1.4050715603096327,2.3204366481524463,2.202848406434871,0.8187960000000001,0.0020174439273496665,0.08032,0.0008556868586112535,0.78772,0.002904823574677139,0.08064,0.0013086634403084725,0.621676,0.004011443630415368,0.001192,9.654014708917738e-05,0.738476,0.002749996363633944,0.70708,0.0038712013639179365,0.620484,0.0039935047264276595,0.8402181039140745,0.0032586830139403164,-0.3029047585599999,0.0023783490432429557,-0.3590564580256159,0.006103190221050139,-0.35878492678804286,0.004561554884490105,-0.07141344879802089,0.0016774307999419757,-0.1479770913015966,0.0025650961716552428
-0.36,-0.36,-0.36,0.825,0.08,0.82,0.08,AND,50000,5,1.4050715603096327,1.4050715603096327,2.3204366481524463,2.3396608513831127,0.8196159999999999,0.0012906897380858201,0.080412,0.0006163765083128989,0.8223880000000001,0.0018230523854239685,0.07989600000000001,0.0005987319934661942,0.65282,0.001958519849273909,0.0010960000000000002,0.00012361229712289952,0.739204,0.001398599299299145,0.742492,0.0022666098032083264,0.6517240000000001,0.002051458018093443,0.877464105783206,0.0018573590170919577,-0.28111989487999994,0.0015406466142852404,-0.36219319005362693,0.006640681524156556,-0.36572620360458385,0.0022571714232258754,-0.07227364611589933,0.001530743003981472,-0.1444124054745154,0.0024243015900537925
-0.36,-0.36,-0.36,0.8625,0.08,0.82,0.08,AND,50000,5,1.4050715603096327,1.4050715603096327,2.3204366481524463,2.496691927743801,0.8205560000000001,0.0021038726197182465,0.080696,0.0021436604208689386,0.8615320000000001,0.00118182909085874,0.079264,0.0009019312612389039,0.690152,0.0013618076222433424,0.0010919999999999999,0.00012537942414925986,0.73986,0.0038185861257800965,0.782268,0.002031826764269028,0.6890599999999999,0.001274597975833972,0.8808544999944029,0.003081080595159284,-0.25430422864,0.001005187590626284,-0.3595292698625901,0.004308231851187234,-0.3619092449126085,0.0020900504225749203,-0.07207964978443053,0.0017000627109540615,-0.12663289237440695,0.002962934517421786
-0.36,-0.36,-0.36,0.9,0.08,0.82,0.08,AND,50000,5,1.4050715603096327,1.4050715603096327,2.3204366481524463,2.6866231258542332,0.8205,0.0018645642922677532,0.08018399999999999,0.0013415960643949414,0.8995999999999998,0.001577212731371373,0.08053599999999998,0.0005793789778719984,0.7251000000000001,0.000770843693624035,0.00116,8.602325267042628e-05,0.740316,0.002414100246468667,0.819064,0.0018760810217045556,0.72394,0.0008186574375158238,0.8838663685935805,0.002308583319987561,-0.22907730999999992,0.0009257666518490699,-0.35923826336830533,0.004852370441799103,-0.3592284526893416,0.00512427957223771,-0.07167907310432448,0.001638448832018551,-0.11288554204572414,0.0024616004363309323
-0.24,-0.24,-0.24,0.6,0.08,0.82,0.08,AND,50000,5,1.4050715603096327,1.4050715603096327,2.3204366481524463,1.6584186634454325,0.819428,0.0010804258419715444,0.080492,0.0008393568966774521,0.600444,0.0018599677416557402,0.07992,0.001477227132163502,0.468464,0.0015858373182643954,0.0023559999999999996,0.00017686152775547314,0.738936,0.0011292829583412476,0.520524,0.002834021877120928,0.466108,0.00151489933658973,0.6307845629914703,0.002509030380885304,-0.40871996920000003,0.0012360655342880033,-0.24164217941824212,0.0035148421060491467,-0.24022596646015887,0.0011194833128116695,-0.05525580744764329,0.0024955949614823454,-0.12502983374754414,0.0024323005013969384
-0.24,-0.24,-0.24,0.6375,0.08,0.82,0.08,AND,50000,5,1.4050715603096327,1.4050715603096327,2.3204366481524463,1.7568559052447887,0.8196680000000001,0.0011402280473659361,0.080572,0.0008518920119357832,0.6384320000000001,0.0020329092453919614,0.079964,0.0014210840932189722,0.500472,0.002044729811001926,0.0023480000000000003,0.00022117866081518807,0.7390960000000002,0.0012386605669027907,0.5584680000000001,0.003159037828200274,0.49812399999999996,0.002153388028201126,0.6739654297766056,0.0031350651227181696,-0.3866798032,0.0014786271709603203,-0.24030830256329233,0.0030201202592756507,-0.24006490567022398,0.004128368816731192,-0.055474560848523494,0.0026243679901890816,-0.12359387160611039,0.004513893670449687
-0.24,-0.24,-0.24,0.675,0.08,0.82,0.08,AND,50000,5,1.4050715603096327,1.4050715603096327,2.3204366481524463,1.8588337504795123,0.82028,0.0014571890748973073,0.07968800000000001,0.0012047074333629696,0.674844,0.0015880428205813518,0.080728,0.0007722175859173365,0.5322479999999999,0.002573814290114981,0.002332,0.0001746997424153796,0.740592,0.0015062934641032022,0.594116,0.0014241067375726812,0.529916,0.002467606127403657,0.7155287567453246,0.0025042008854807792,-0.36479325015999997,0.0017457517630326,-0.24037753208444035,0.003946062118882391,-0.2380713199673648,0.002084970600239914,-0.05558887366762638,0.002122974690067989,-0.11850621698203612,0.0023657792648058974
-0.24,-0.24,-0.24,0.7125,0.08,0.82,0.08,AND,50000,5,1.4050715603096327,1.4050715603096327,2.3204366481524463,1.965774592184716,0.81928,0.000951314879522008,0.080688,0.001495366175891376,0.712532,0.002920226018649912,0.079304,0.0018559849137317866,0.563288,0.002585830620903099,0.002192,0.0001646815108019111,0.7385919999999999,0.0020867965880746048,0.633228,0.0018448631385552302,0.561096,0.0024897148431095657,0.7596847844047017,0.003102302358837853,-0.3430271492,0.0019075999928930083,-0.2415355597959871,0.004976689140922625,-0.24122944000823104,0.002460968748101289,-0.0571500522088214,0.0023132954195609185,-0.11757799473410635,0.0008515084887662017
-0.24,-0.24,-0.24,0.75,0.08,0.82,0.08,AND,50000,5,1.4050715603096327,1.4050715603096327,2.3204366481524463,2.0795613105057145,0.8196639999999998,0.0022629361458070467,0.080344,0.0006984840728320147,0.7496560000000001,0.0027997642757918175,0.080328,0.000883809934318459,0.595716,0.0018810847934104286,0.002272,0.00018363006289820848,0.73932,0.002256900529487327,0.6693279999999999,0.0029242982064078527,0.593444,0.0019721257566392455,0.8026950228391755,0.003642666016684145,-0.32035915912,0.001539676302161407,-0.2405100372161773,0.001683000026850516,-0.23951675908768616,0.0030055056129051597,-0.056608244943456586,0.00213814468329512,-0.11255178715192318,0.0038652568508880944
-0.24,-0.24,-0.24,0.7875,0.08,0.82,0.08,AND,50000,5,1.4050715603096327,1.4050715603096327,2.3204366481524463,2.202848406434871,0.8208840000000001,0.0009083391437122914,0.079996,0.0011817275489722666,0.789004,0.002582107666229288,0.079712,0.0008184864079506769,0.6308520000000001,0.0024633148398042507,0.002368,9.654014708917743e-05,0.740888,0.0015907608242598321,0.7092919999999999,0.0026146739758524276,0.628484,0.0024160049668823028,0.848285656689914,0.0030310705447377157,-0.29618994232,0.0017804936645063687,-0.23774116844247298,0.00370144879078475,-0.24130036845190372,0.002452056328124605,-0.05455580313031112,0.001187089272930742,-0.1075666588330982,0.001963451474967099
-0.24,-0.24,-0.24,0.825,0.08,0.82,0.08,AND,50000,5,1.4050715603096327,1.4050715603096327,2.3204366481524463,2.3396608513831127,0.8212520000000001,0.0008301325195412878,0.080148,0.0010119881422230202,0.824188,0.0011120791338749324,0.08038799999999999,0.0020580864899221326,0.6622160000000001,0.0006383416013389567,0.0023239999999999997,0.00019565275362232954,0.741104,0.0006518281982240298,0.7438,0.002793027031734567,0.6598919999999999,0.0006570540312637605,0.8871459487292176,0.0029300218883906498,-0.2737795383999999,0.0005951526808754205,-0.23834658093043548,0.002537912644393509,-0.23974273974947985,0.001204735037917815,-0.05578746550949036,0.002871603384224119,-0.10044399562316837,0.00287057143323403
-0.24,-0.24,-0.24,0.8625,0.08,0.82,0.08,AND,50000,5,1.4050715603096327,1.4050715603096327,2.3204366481524463,2.496691927743801,0.8207040000000001,0.0011968625652095605,0.079856,0.0014437035706820153,0.8611400000000001,0.0014189432687743322,0.08080000000000001,0.0010565036677645742,0.694248,0.0016223809663577827,0.002332,0.00028865203966021096,0.740848,0.0019014520767034848,0.78034,0.0014619849520429008,0.691916,0.0014807025359605441,0.8866860986121466,0.0016241147684163374,-0.25115730720000007,0.0009291993555537048,-0.23991341864155685,0.004725263911576243,-0.24135292530083724,0.005020689809496807,-0.05578636784435267,0.003405976958770404,-0.09418148111809241,0.0015755539818696294
-0.24,-0.24,-0.24,0.9,0.08,0.82,0.08,AND,50000,5,1.4050715603096327,1.4050715603096327,2.3204366481524463,2.6866231258542332,0.819888,0.0010905594894364682,0.080048,0.0009851497348119212,0.9002839999999999,0.0010239531239270758,0.07991600000000001,0.0010856702998608772,0.72834,0.0018493782739072064,0.0021319999999999998,0.00021099763031844697,0.7398399999999999,0.0011749042514179575,0.8203679999999999,0.0014155281699775712,0.726208,0.001878648450349329,0.8852221940936429,0.0016759520756701538,-0.22705852672000004,0.0015165159041221992,-0.23989683376932228,0.0021183965578204854,-0.23723289541344778,0.005068265576667129,-0.057970007297848146,0.0021049776349966057,-0.08505328665813695,0.0025609550156230287
-0.12,-0.12,-0.12,0.6,0.08,0.82,0.08,AND,50000,5,1.4050715603096327,1.4050715603096327,2.3204366481524463,1.6584186634454325,0.8205159999999999,0.001570439428949756,0.07913200000000001,0.0010423627007908525,0.6008560000000001,0.0008050341607658411,0.079924,0.0010606036017287506,0.48029199999999994,0.0014691902531666912,0.004036,0.0002562810956742617,0.741384,0.0018384449950977712,0.520932,0.0014055319277768011,0.47625600000000007,0.0014003856611662225,0.6423876363816424,0.0009234779925376685,-0.39984934319999993,0.0005581785624832001,-0.12018881360675635,0.0021979593604161012,-0.1257908626577204,0.0029527303872209695,-0.031253058591342586,0.0035253869364820197,-0.06768890947914555,0.003760333161272925
-0.12,-0.12,-0.12,0.6375,0.08,0.82,0.08,AND,50000,5,1.4050715603096327,1.4050715603096327,2.3204366481524463,1.7568559052447887,0.819308,0.0012969656896001402,0.08106,0.0018167553495173734,0.6375119999999999,0.001612984810839837,0.08031200000000001,0.001320348438859982,0.5111999999999999,0.002043868880334523,0.004128,0.00023091123835794583,0.7382480000000001,0.0025528650571465645,0.5572,0.0025323111973057444,0.507072,0.0020033272323811253,0.6868667127933974,0.00395950982195849,-0.37702857736,0.002065188269588335,-0.11914255424720913,0.0031778177158133815,-0.11825173732423955,0.0036145943164237067,-0.03209741661154107,0.003269297287411511,-0.06010764571865336,0.00482595456114062
-0.12,-0.12,-0.12,0.675,0.08,0.82,0.08,AND,50000,5,1.4050715603096327,1.4050715603096327,2.3204366481524463,1.8588337504795123,0.8195159999999999,0.0013240392743419716,0.07962399999999999,0.0010916409666186057,0.675528,0.002669104718814899,0.079848,0.001250567871009011,0.5418999999999999,0.001978282083020485,0.00404,0.0003397057550292605,0.739892,0.0013420581209471001,0.59568,0.002373731240052254,0.53786,0.0017303178898687866,0.726946253353947,0.0028194083544824475,-0.35697489952,0.001505559258133291,-0.12230254670995133,0.004966343532185544,-0.1234359473020025,0.006677009888382324,-0.03159078406794242,0.004528347924097823,-0.06500861797687363,0.003605501439050969
-0.12,-0.12,-0.12,0.7125,0.08,0.82,0.08,AND,50000,5,1.4050715603096327,1.4050715603096327,2.3204366481524463,1.965774592184716,0.820244,0.0021635803659675037,0.080252,0.0014659195066578574,0.712248,0.0016048426714167518,0.08062,0.0006233778950203499,0.574076,0.001945116963064159,0.004064,0.0002822764602300376,0.7399920000000001,0.003118801051686372,0.631628,0.001428187662739069,0.570012,0.0019218532722348675,0.7702992913112571,0.0021991234834882944,-0.33420753016000004,0.0011584282602351186,-0.11930899686891952,0.0031715036387435754,-0.11928149591807616,0.002635993190764489,-0.03254230577690599,0.0027630022711812416,-0.058343542485434455,0.004368886977744771
-0.12,-0.12,-0.12,0.75,0.08,0.82,0.08,AND,50000,5,1.4050715603096327,1.4050715603096327,2.3204366481524463,2.0795613105057145,0.819952,0.0019842177299883384,0.079796,0.0004920162598939209,0.74936,0.002480161285078065,0.080088,0.0012091815413741611,0.604476,0.0031918458609399964,0.003992,0.00028586710198971835,0.740156,0.002335268721153959,0.669272,0.0016660492189608344,0.600484,0.003171479150175793,0.8112932774219314,0.003264959502989901,-0.31357745912000007,0.002323599038180239,-0.12050574956027323,0.003070325228308425,-0.12000289276901173,0.005122466687156199,-0.03260152064881856,0.004276548168936154,-0.059858722708859655,0.004987128177027977
-0.12,-0.12,-0.12,0.7875,0.08,0.82,0.08,AND,50000,5,1.4050715603096327,1.4050715603096327,2.3204366481524463,2.202848406434871,0.819988,0.0018013661482330727,0.07980000000000001,0.0013349906366712837,0.7869680000000001,0.0015148993365897206,0.07887999999999999,0.001842444029000609,0.6363200000000001,0.0020900239233080393,0.0038719999999999996,0.00035541525009487145,0.740188,0.002968049864810267,0.708088,0.0009475864076694943,0.6324479999999999,0.0018093976898404438,0.8544473377099306,0.0021962825485968085,-0.29171177487999994,0.0014131987738342131,-0.11958081689966875,0.005094499195976216,-0.12022781611434416,0.002794048934512916,-0.033177422386134026,0.003994150375314125,-0.05711914458584296,0.0022923878545833332
-0.12,-0.12,-0.12,0.825,0.08,0.82,0.08,AND,50000,5,1.4050715603096327,1.4050715603096327,2.3204366481524463,2.3396608513831127,0.8201280000000001,0.002873381283435947,0.080228,0.0009869751769928158,0.8241479999999999,0.001590132069986627,0.07958000000000001,0.000893867999203462,0.6682319999999999,0.0028685396981739573,0.003927999999999999,0.0002914103635768638,0.7399,0.0028498070110097146,0.7445679999999999,0.0018828489052496807,0.6643039999999999,0.0030371499798330496,0.8921986007875408,0.002671750790244959,-0.26925762112000007,0.002164435071003471,-0.12427001472494141,0.005583384095538069,-0.12154642828422883,0.0016419847476617884,-0.03341720890974451,0.003520522637085755,-0.05248315812224016,0.0028607581313178795
-0.12,-0.12,-0.12,0.8625,0.08,0.82,0.08,AND,50000,5,1.4050715603096327,1.4050715603096327,2.3204366481524463,2.496691927743801,0.8203039999999999,0.0008661870467745424,0.07876000000000001,0.00019899748742132739,0.863888,0.00251215445385031,0.079668,0.0017138611378988687,0.702224,0.002361414830138902,0.00392,0.0003552463933666322,0.741544,0.0008184619722381945,0.7842199999999999,0.002207623156247461,0.698304,0.002355308896938967,0.8904452389130008,0.0023357788524397093,-0.24592652783999994,0.002010103254148454,-0.12000613697189877,0.006129606174173203,-0.12050610848125856,0.00460858732545586,-0.032266532644633625,0.005324759593460784,-0.04881251896925145,0.002499220436361354
-0.12,-0.12,-0.12,0.9,0.08,0.82,0.08,AND,50000,5,1.4050715603096327,1.4050715603096327,2.3204366481524463,2.6866231258542332,0.81914,0.0011793218390244364,0.07977999999999999,0.0020875344308537765,0.900136,0.0004245939236493855,0.08000399999999999,0.001003733032235167,0.73246,0.001287400481590747,0.00392,0.00038548670534792784,0.7393600000000001,0.0025823632587224734,0.8201320000000001,0.0008793861495384485,0.72854,0.0010072735477515814,0.8883205649052137,0.0009649949248904195,-0.22457784504000006,0.0007857373856880552,-0.11817861692949376,0.001585711905899665,-0.11902485179144495,0.0044704325303461965,-0.03345931896376474,0.006467964884524626,-0.04226589853030442,0.004532395863980475
0.0,0.0,0.0,0.6,0.08,0.82,0.08,AND,50000,5,1.4050715603096327,1.4050715603096327,2.3204366481524463,1.6584186634454325,0.821184,0.0008307105392373415,0.079044,0.0009071273339504217,0.60056,0.002224140283345447,0.08098000000000001,0.0011997499739529066,0.49388000000000004,0.002086767835673159,0.006504,0.000451530729851247,0.74214,0.0015170365849247155,0.51958,0.0021509997675499665,0.487376,0.0022994521086554596,0.6567180327411497,0.0030636313946340154,-0.38874197816,0.002053851873607412,-0.00235509397763798,0.0021143969894794217,-0.0001573731490837397,0.003000813478005155,0.0013845777030186213,0.005519081646935773,0.0037813551419872632,0.005835831015340305
0.0,0.0,0.0,0.6375,0.08,0.82,0.08,AND,50000,5,1.4050715603096327,1.4050715603096327,2.3204366481524463,1.7568559052447887,0.819856,0.001224532563878948,0.08042400000000001,0.0005539675080724496,0.63608,0.0013573503600765758,0.079016,0.0018409454092938218,0.5214679999999999,0.0016468515415786643,0.0061519999999999995,0.00039156097864828144,0.7394320000000001,0.0012630597768909834,0.5570639999999999,0.0008139287438099171,0.515316,0.0016605661685100005,0.6969080097591076,0.0019562966592160656,-0.36926888224,0.0014875997274097256,-0.001757457807924417,0.002572843463621669,0.0020734564988925245,0.003767641944729532,-0.0027452879322434932,0.005598235262528476,-0.00013586527236730955,0.0037570919858496412
0.0,0.0,0.0,0.675,0.08,0.82,0.08,AND,50000,5,1.4050715603096327,1.4050715603096327,2.3204366481524463,1.8588337504795123,0.819276,0.002354417125319985,0.081292,0.001580544210074494,0.6756880000000001,0.002232335100292979,0.079628,0.0015763629023800335,0.553596,0.001517985507177175,0.0065119999999999996,0.0003064637009500473,0.737984,0.003761579455494729,0.59606,0.002467022496857331,0.5470839999999999,0.0013783613459466652,0.7413385678033703,0.004397917391002263,-0.3470837165599999,0.0015744214355819792,-0.0016669624659174543,0.004717798536600318,0.0020479708565306182,0.004183136942094663,0.0005314468706395269,0.003131210625006802,0.00013206788226966144,0.004622152973984295
0.0,0.0,0.0,0.7125,0.08,0.82,0.08,AND,50000,5,1.4050715603096327,1.4050715603096327,2.3204366481524463,1.965774592184716,0.818568,0.0026120336904412213,0.07934,0.0009611451503285006,0.7128760000000001,0.0017423776858075562,0.080172,0.0010509614645647087,0.583648,0.0024387537801098405,0.0065119999999999996,0.0005076613044146659,0.739228,0.0016695268790888006,0.6327039999999999,0.0017414591582922973,0.577136,0.0024814270087995796,0.7807266672339394,0.0023505170310496428,-0.32708345464000005,0.001755751081479305,0.00029704040084339785,0.00637547906455631,0.0020113875622787625,0.0036389531623870573,0.00203486751876137,0.005828633118373266,0.0006324636809780049,0.003260191461930412
0.0,0.0,0.0,0.75,0.08,0.82,0.08,AND,50000,5,1.4050715603096327,1.4050715603096327,2.3204366481524463,2.0795613105057145,0.819896,0.0013304435350664071,0.081252,0.001188326554445365,0.7516,0.0017820774393948172,0.07975600000000001,0.0011593446424597001,0.6162,0.0024459762877018882,0.006496,0.0005084092839435565,0.7386440000000001,0.0019113032203185597,0.6718439999999999,0.002003816358851253,0.609704,0.0022698634320152435,0.8254368712152939,0.0022058385074981107,-0.3045306364,0.001569475030116861,-0.0032144507419339064,0.007155868353871311,0.0003209501205296805,0.0030099623898261507,0.00019934138841671374,0.006043495769204294,-0.00020720267921060806,0.002978894358912121
0.0,0.0,0.0,0.7875,0.08,0.82,0.08,AND,50000,5,1.4050715603096327,1.4050715603096327,2.3204366481524463,2.202848406434871,0.819964,0.0013365178637040444,0.079716,0.0016777008076531415,0.7870280000000001,0.002151027661374923,0.079264,0.00113590492559897,0.6451399999999999,0.0015794302770303097,0.006028,0.00024024986992712399,0.740248,0.0021135089306648525,0.7077640000000001,0.0020687870842597735,0.639112,0.0017415280646604855,0.8633825727221142,0.003835355345505666,-0.28498068856000003,0.0016301052391074831,-0.003098555016322172,0.003951217009910906,-0.0006659436539403276,0.0012055422804533643,-0.003958422985244745,0.003391478346864583,-0.001228156432445555,0.004837409204691142
0.0,0.0,0.0,0.825,0.08,0.82,0.08,AND,50000,5,1.4050715603096327,1.4050715603096327,2.3204366481524463,2.3396608513831127,0.8207720000000001,0.0014689860448622665,0.07950399999999999,0.0013907839515898961,0.8246800000000001,0.0013641847382227846,0.07976799999999999,0.0012338233260884663,0.676732,0.001363642181805745,0.006391999999999999,0.0002090932806189618,0.741268,0.001404749087915712,0.744912,0.00250781179517124,0.6703399999999999,0.001350185172485597,0.8998972022894511,0.002618169313826255,-0.26366003248,0.0011825041871245585,-0.0012608821872609234,0.0020959633070509647,-0.000875986088319701,0.003410677858016831,0.0006717292394068656,0.000958509233906416,-0.0009852486827163747,0.006006723176352274
0.0,0.0,0.0,0.8625,0.08,0.82,0.08,AND,50000,5,1.4050715603096327,1.4050715603096327,2.3204366481524463,2.496691927743801,0.8196280000000001,0.0018108892843020242,0.080104,0.0009902928859685893,0.8622759999999999,0.0019312379449461575,0.07964,0.000753392328073494,0.7067359999999999,0.0007070219232810113,0.006184,0.0002178990591994377,0.739524,0.0025726017958479113,0.7826359999999999,0.001395306417959818,0.7005520000000001,0.0005984312826047708,0.895120198588755,0.0013154350086698736,-0.24283258408,0.0005866289718518697,-0.0021203932389301113,0.00294318276535569,0.0016010493379393352,0.0035744388821221623,-0.0026474109182781447,0.0036469295755246316,-5.8935982479134395e-05,0.0031826987436607153
0.0,0.0,0.0,0.9,0.08,0.82,0.08,AND,50000,5,1.4050715603096327,1.4050715603096327,2.3204366481524463,2.6866231258542332,0.820096,0.0020635600306267133,0.079872,0.001968888011035667,0.9001800000000001,0.0008429709366282976,0.07929599999999999,0.0008893143426258227,0.7380720000000001,0.002246446082148424,0.0062120000000000005,0.00040978042901046414,0.740224,0.003692273012657685,0.8208840000000001,0.0014279635849698794,0.73186,0.002510258950785759,0.891550699617277,0.002476980058708925,-0.22160815360000002,0.0016544014634004,0.0028531726936771246,0.003192223869115608,-0.002979343038149165,0.005169208017613618,-0.001676396821698205,0.004199574791326055,-0.001407316047054959,0.003722461288879123
0.12,0.12,0.12,0.6,0.08,0.82,0.08,AND,50000,5,1.4050715603096327,1.4050715603096327,2.3204366481524463,1.6584186634454325,0.8190839999999999,0.0010691491944532475,0.079504,0.0005609634569203275,0.5985440000000001,0.002375011578919152,0.07991200000000001,0.0007317923202657958,0.502952,0.00210164697320936,0.009564,0.0005530641915727324,0.73958,0.001474652501438927,0.518632,0.0020187421826473977,0.49338800000000005,0.0022984603542371765,0.6671204427150265,0.0031617630717162616,-0.38125458664,0.0017690743052047582,0.11781948689783432,0.0022613069435923365,0.12088002008591688,0.003841481343261528,0.043774775621939564,0.007687644280034018,0.06727628110829065,0.005364787602176385
0.12,0.12,0.12,0.6375,0.08,0.82,0.08,AND,50000,5,1.4050715603096327,1.4050715603096327,2.3204366481524463,1.7568559052447887,0.81972,0.0022027709821949267,0.08130799999999999,0.0014786209791559182,0.63706,0.002252731675100247,0.07992400000000001,0.0013822011431047206,0.53418,0.0028004642472275977,0.009212000000000001,0.0003300303016391069,0.738412,0.0031198910237378794,0.557136,0.001870315481409475,0.524968,0.002912579612645821,0.7109411747450066,0.002314313388410984,-0.35918034496000006,0.0017122507546286944,0.12028628562194324,0.008829169353513824,0.12157947769759725,0.0034403592079339644,0.03659491201348511,0.002140871363411354,0.06474149732000133,0.0017610249400880256
0.12,0.12,0.12,0.675,0.08,0.82,0.08,AND,50000,5,1.4050715603096327,1.4050715603096327,2.3204366481524463,1.8588337504795123,0.8202719999999999,0.0013738704451293799,0.08034,0.0014220407870381222,0.676196,0.0013614257232768742,0.079816,0.0011814736560753273,0.5656399999999999,0.0010371113729971194,0.009736,0.00047358209425610694,0.739932,0.0024875128140373283,0.59638,0.002423592374967372,0.555904,0.001287431551578563,0.7512946133157966,0.0020189722300173133,-0.33912943488,0.00088783852629724,0.12195387164884033,0.0028328063557288203,0.11706378263180676,0.0019059592924401305,0.04511523197116679,0.0056316079450560285,0.06109389212355809,0.004006886727341535
0.12,0.12,0.12,0.7125,0.08,0.82,0.08,AND,50000,5,1.4050715603096327,1.4050715603096327,2.3204366481524463,1.965774592184716,0.819784,0.0013181350461921816,0.07928,0.0010286884854026517,0.7131960000000002,0.00163617847437252,0.08004,0.0007853661566428709,0.595308,0.0018502216083486002,0.009248,0.00042369800565969187,0.740504,0.0017803033449387599,0.633156,0.0019767346812357236,0.58606,0.001846022751755791,0.7914330454269196,0.0009041376409877493,-0.31874359016,0.0008082676913944495,0.11790598987530625,0.0031865356489708184,0.11808480954437743,0.004825943197323906,0.03959129493926643,0.005536725272032327,0.061201057422711,0.002256622671318929
0.12,0.12,0.12,0.75,0.08,0.82,0.08,AND,50000,5,1.4050715603096327,1.4050715603096327,2.3204366481524463,2.0795613105057145,0.8197880000000002,0.0016297607186332613,0.08036,0.001246033707409233,0.7490559999999999,0.0017150743424120133,0.07964800000000001,0.0011091979084004795,0.623992,0.0021205942563347633,0.009156000000000001,0.0003089983818727856,0.739428,0.0007293284582408798,0.669408,0.0027068284023927416,0.614836,0.002121999057492696,0.8315010509315302,0.0022803657768847314,-0.29902003328,0.0013540167695555501,0.12549731022533817,0.004049926216219905,0.11655749498886943,0.0029087579243903213,0.037459301110305834,0.00475144053009484,0.05955288811378184,0.002191940682080074
0.12,0.12,0.12,0.7875,0.08,0.82,0.08,AND,50000,5,1.4050715603096327,1.4050715603096327,2.3204366481524463,2.202848406434871,0.819056,0.0020296994851455303,0.07980800000000002,0.0007958140486319672,0.78696,0.0014185908501044143,0.080156,0.0010973057914729146,0.65476,0.0018852055590836672,0.009552,0.0004836527680061389,0.739248,0.0026550555549743012,0.706804,0.0013292403845805785,0.645208,0.001989502450362877,0.8727919117544183,0.001530225005245797,-0.27834119856,0.0014322956342361908,0.11986190297779764,0.0034479548966982877,0.12465770505722747,0.003103010924071125,0.042874634501951114,0.00625735385681966,0.06469284121118861,0.003981299460867384
0.12,0.12,0.12,0.825,0.08,0.82,0.08,AND,50000,5,1.4050715603096327,1.4050715603096327,2.3204366481524463,2.3396608513831127,0.81884,0.002555308200589507,0.08076799999999999,0.0012280553733443778,0.823152,0.0018928602695392049,0.079884,0.0008807269724494659,0.682844,0.0023954289803707245,0.009451999999999999,0.00043048809507348774,0.7380720000000001,0.002883699013420107,0.743268,0.0015918919561327292,0.6733920000000001,0.002452370281992505,0.9059896165007191,0.003230357767746895,-0.25936206143999996,0.0018456485649133577,0.1202154633049712,0.0025985164868144897,0.12085941940526697,0.003255047574681741,0.04059930346110772,0.004822628619186479,0.059959580936765934,0.006665282205160255
0.12,0.12,0.12,0.8625,0.08,0.82,0.08,AND,50000,5,1.4050715603096327,1.4050715603096327,2.3204366481524463,2.496691927743801,0.8213280000000001,0.000972995375117434,0.078792,0.0008254211046490178,0.8619600000000001,0.000955300999685435,0.080568,0.0011334548954413622,0.714808,0.0017331243463756282,0.009176,0.0001608726204175216,0.7425360000000001,0.0016971387686338104,0.7813920000000001,0.0017443967438630214,0.705632,0.0017323163683345825,0.903046372068931,0.0020871414498954068,-0.2380841756,0.0012271063654857523,0.11978566461069973,0.0040573354708699945,0.11746186477430325,0.002860298241748343,0.038579044714530344,0.0026553129623911155,0.05188892464725783,0.0030015859435716997
0.12,0.12,0.12,0.9,0.08,0.82,0.08,AND,50000,5,1.4050715603096327,1.4050715603096327,2.3204366481524463,2.6866231258542332,0.8214159999999999,0.0024670387106813002,0.079824,0.00103608879928315,0.9003439999999999,0.001436690641717987,0.080068,0.0010923918710792416,0.745584,0.0027419117418326787,0.009276000000000001,0.0003542315626818144,0.741592,0.0028445948744944393,0.820276,0.0018166672782873763,0.736308,0.00244264610617253,0.8976365398616913,0.003097155691210462,-0.21725176311999994,0.001955403125323605,0.11979693476081958,0.0029054690449662273,0.12077880262170107,0.0037321376412407536,0.039218262266291236,0.004000555811575344,0.0525533269188968,0.0025914495207797414
0.24,0.24,0.24,0.6,0.08,0.82,0.08,AND,50000,5,1.4050715603096327,1.4050715603096327,2.3204366481524463,1.6584186634454325,0.8185359999999999,0.002182264878514992,0.08026,0.0007075309180523455,0.6004120000000001,0.001767404877214034,0.08044,0.0011254332499086733,0.516404,0.0018402934548598692,0.013364000000000001,0.0005712092436226849,0.738276,0.0022394374293558754,0.519972,0.0009319442043384092,0.5030399999999999,0.0018138908456685372,0.6813720030309802,0.0017736312201406027,-0.37132510784000006,0.0010681414327790833,0.24277718076578067,0.004187579262049871,0.238758771825775,0.001735144886723048,0.09349543845071387,0.007726559455087397,0.13213168222863866,0.003644327984789034
0.24,0.24,0.24,0.6375,0.08,0.82,0.08,AND,50000,5,1.4050715603096327,1.4050715603096327,2.3204366481524463,1.7568559052447887,0.8207599999999999,0.001819450466487071,0.08015200000000001,0.0006004331769647624,0.6389039999999999,0.0019642504931907164,0.08070000000000001,0.0012662543188475186,0.548796,0.0018049044296028429,0.013368,0.0004351091817004094,0.740608,0.0022577245181819427,0.558204,0.001081424985840432,0.5354279999999999,0.0014967030433589593,0.7229599412682559,0.001974971771033541,-0.3499737424799999,0.0010305902855446763,0.24077619897650995,0.0030939648932325754,0.2378002332986875,0.003635713123599623,0.09327976146348918,0.004113551846756651,0.13248940776983475,0.0020547670976290467
0.24,0.24,0.24,0.675,0.08,0.82,0.08,AND,50000,5,1.4050715603096327,1.4050715603096327,2.3204366481524463,1.8588337504795123,0.820644,0.0013784338939535757,0.08027200000000001,0.0014077357706615233,0.6733,0.002095900761009445,0.079516,0.0007651666485152092,0.57624,0.002274686791626474,0.013056000000000002,0.0005781695253124292,0.740372,0.0019506716791915268,0.5937840000000001,0.001980171709726191,0.5631839999999999,0.0024532998186116792,0.7606783498338737,0.0030678263416821375,-0.33134988672,0.0017509050730276391,0.23957487610832157,0.004244993661641077,0.2423356957704045,0.0016644983166518568,0.09078410276872602,0.0075185769254533415,0.1317230684804413,0.003113047406757908
0.24,0.24,0.24,0.7125,0.08,0.82,0.08,AND,50000,5,1.4050715603096327,1.4050715603096327,2.3204366481524463,1.965774592184716,0.8180159999999999,0.001316464963453262,0.079816,0.0015387917337963593,0.71338,0.0025428723916075422,0.080296,0.0011117013987577788,0.6065959999999999,0.0024132302003746,0.013147999999999998,0.00027734455105518126,0.7382,0.0020936570874907027,0.633084,0.0032301826573739876,0.593448,0.002385984073710455,0.8039188139962417,0.004297732521542825,-0.3104976603200001,0.0019509314046437009,0.2399148345521318,0.004634972309609603,0.24074035829910218,0.00539084384033967,0.0915247030217301,0.00299017540193476,0.13208406734588546,0.007789321279260259
0.24,0.24,0.24,0.75,0.08,0.82,0.08,AND,50000,5,1.4050715603096327,1.4050715603096327,2.3204366481524463,2.0795613105057145,0.819708,0.0016266284148507865,0.08046,0.0014159802258506284,0.750708,0.0027034274541773953,0.080532,0.0015329448783305943,0.636884,0.0029984462643175415,0.012736,0.0006803528496302492,0.7392479999999999,0.0008965043223543104,0.670176,0.003545430862391768,0.6241479999999999,0.0027368814369643376,0.844300945745801,0.003472397357820477,-0.28984786736000007,0.0019737307765562793,0.2387256985421323,0.0038793882788928755,0.23844384274612604,0.003097468878522143,0.0844673644706712,0.005609077854197865,0.1293903179123673,0.007008870278717319
0.24,0.24,0.24,0.7875,0.08,0.82,0.08,AND,50000,5,1.4050715603096327,1.4050715603096327,2.3204366481524463,2.202848406434871,0.8178759999999998,0.001693127284051639,0.079468,0.0014090848093709612,0.788012,0.002033253550347356,0.07876799999999999,0.0017692710363310653,0.664312,0.0028169700033902016,0.012612000000000002,0.00024108089928486664,0.7384080000000001,0.0014028970026341984,0.709244,0.001609807441901096,0.6517,0.002917498928877332,0.8825720311074828,0.0027467158210601086,-0.27223950616,0.002373852266428885,0.2393457559359211,0.004855433447881213,0.2390288550695156,0.002657200981004699,0.08722841746148093,0.004020546823228848,0.12561926325293407,0.004384479657379993
0.24,0.24,0.24,0.825,0.08,0.82,0.08,AND,50000,5,1.4050715603096327,1.4050715603096327,2.3204366481524463,2.3396608513831127,0.8198799999999998,0.002095089496895061,0.07933599999999999,0.0013553892429852023,0.8249679999999999,0.0010456194336373114,0.079476,0.0022494621579390935,0.6938960000000001,0.002572757275764657,0.012736,0.0005740034843099822,0.740544,0.0017184527924851763,0.745492,0.002105545060073546,0.68116,0.002570097274423661,0.9137109256668594,0.004245315154000042,-0.2528072632799999,0.0022615552856818685,0.23990330856582226,0.005795100134055101,0.24262594116080796,0.0043988605875191844,0.08800961239158904,0.007490586215739623,0.11998744956255596,0.005474777771980451
0.24,0.24,0.24,0.8625,0.08,0.82,0.08,AND,50000,5,1.4050715603096327,1.4050715603096327,2.3204366481524463,2.496691927743801,0.820336,0.00222208910712416,0.079956,0.0005446833942759791,0.862632,0.0007456004291844413,0.080068,0.0011883265544453665,0.723064,0.0024018492875282436,0.01338,0.0004240283009422835,0.74038,0.002399583297158042,0.782564,0.001624339865914745,0.709684,0.0024948506969355777,0.9068682905291853,0.001487502903793561,-0.23386289416,0.0016832113817020333,0.24435133272106907,0.0050839114982730235,0.24212380937098915,0.0037011736001084186,0.0948040890035681,0.0054966796885125915,0.11664902434032898,0.005985241913784192
0.24,0.24,0.24,0.9,0.08,0.82,0.08,AND,50000,5,1.4050715603096327,1.4050715603096327,2.3204366481524463,2.6866231258542332,0.8193400000000001,0.002276356738299145,0.07961599999999999,0.0008781116102182026,0.8988720000000001,0.0010349492741192757,0.080512,0.0014258050357605,0.749056,0.002545128680440332,0.012912000000000002,0.0005691397016550507,0.7397239999999999,0.002097732108730723,0.81836,0.0015844872987815389,0.736144,0.0026991257843975687,0.8995353352694488,0.0026680524333777154,-0.21657833279999994,0.002129652645715487,0.23875159312566904,0.005360240775472304,0.23867101176210442,0.004804880255425523,0.08825643500088505,0.005830305218655939,0.10838319008480424,0.004407568350476749
0.36,0.36,0.36,0.6,0.08,0.82,0.08,AND,50000,5,1.4050715603096327,1.4050715603096327,2.3204366481524463,1.6584186634454325,0.82058,0.001759090674183713,0.08103600000000001,0.0008386179106124577,0.5999760000000001,0.0020456490412580682,0.079528,0.0006701641589939,0.5303479999999999,0.002047906247854132,0.017384,0.00029305289624912426,0.739544,0.001958999744767764,0.520448,0.0019154425076206478,0.512964,0.0020476034772386885,0.6936208648461941,0.0015126732499887393,-0.3621312310400001,0.0009109162303921331,0.35863174685210114,0.0051428143981198824,0.36191913419343175,0.0017037937313870617,0.1481659844729099,0.0031699475956563296,0.2022484057387251,0.0019303722947889737
0.36,0.36,0.36,0.6375,0.08,0.82,0.08,AND,50000,5,1.4050715603096327,1.4050715603096327,2.3204366481524463,1.7568559052447887,0.8208759999999999,0.0008240631043797436,0.080256,0.001518775822825737,0.6377079999999999,0.0010131732329666195,0.08002000000000001,0.0005761944116355148,0.5616320000000001,0.0009246188403877796,0.017508,0.0004513535199818432,0.7406200000000001,0.00194668949758298,0.557688,0.0010284551521578184,0.544124,0.0008859345348275146,0.7346909638766667,0.0021697975128116284,-0.34115003104,0.0009572398319832396,0.3613430954913448,0.0008966676999661519,0.3607201600594643,0.0032371574541231306,0.15036938007360262,0.0028682617599308435,0.2070034122693219,0.0019205770199591905
0.36,0.36,0.36,0.675,0.08,0.82,0.08,AND,50000,5,1.4050715603096327,1.4050715603096327,2.3204366481524463,1.8588337504795123,0.821068,0.0021914652632428113,0.080628,0.0016056525153344946,0.674868,0.0018436702525126253,0.079484,0.0005032693116016555,0.5910399999999999,0.0014744490496453354,0.017052,0.00018143869488066738,0.74044,0.0019513585011473463,0.595384,0.0021634879246254075,0.5739879999999999,0.0015293528042934089,0.7751994991486482,0.001405086669786901,-0.32098845024000006,0.0007167120028383751,0.35928991012729805,0.0026874216659877413,0.3610524327658132,0.006524096689454876,0.14453859252196216,0.0026063171186412643,0.2056626536225116,0.005766775325594499
0.36,0.36,0.36,0.7125,0.08,0.82,0.08,AND,50000,5,1.4050715603096327,1.4050715603096327,2.3204366481524463,1.965774592184716,0.819488,0.0015928967323715602,0.0817,0.0010926115503691138,0.712824,0.0024276078760788002,0.081012,0.0015794049512395491,0.620596,0.0029935063053215857,0.017480000000000002,0.0004259107887809363,0.737788,0.0016411337544514478,0.631812,0.0021251164673965098,0.603116,0.002723027726630809,0.8174622505506172,0.002085512606099742,-0.30033833304000007,0.0018807642042946524,0.36080540390584515,0.004034965445072776,0.361675867967677,0.004694446793475323,0.14534039274756944,0.0038806590979822944,0.2094234153735755,0.007199098539298174
0.36,0.36,0.36,0.75,0.08,0.82,0.08,AND,50000,5,1.4050715603096327,1.4050715603096327,2.3204366481524463,2.0795613105057145,0.819796,0.0018764541028226862,0.080744,0.0013360688605008352,0.7504160000000001,0.0019745581784287834,0.081152,0.001127971630848929,0.6483,0.0013630847369111327,0.017984,0.000512328019924735,0.739052,0.0024793789544964805,0.669264,0.002523069559088666,0.630316,0.0010608864218190658,0.8528777990685958,0.0029014253537923305,-0.28338034552,0.0008740151214749985,0.36228694466829786,0.0013228285700674293,0.3601666448988237,0.004172043577643894,0.15364667553111455,0.004643390149470008,0.1990567657976707,0.005225404848796411
0.36,0.36,0.36,0.7875,0.08,0.82,0.08,AND,50000,5,1.4050715603096327,1.4050715603096327,2.3204366481524463,2.202848406434871,0.8191479999999999,0.0020753602096985463,0.08071999999999999,0.0010519505691808902,0.786092,0.0014071673674442404,0.07924,0.0016372537982854078,0.675816,0.001702727224190646,0.01724,0.0006240192304729085,0.738428,0.002327126984072869,0.7068519999999999,0.0027427577362938854,0.658576,0.002008003984059771,0.8918669882720387,0.0031997957748927494,-0.2647477637600001,0.0014242585472887433,0.3585066470149686,0.0029393249792274046,0.36007330158333606,0.003525102204490874,0.14739678932896447,0.007787662147810279,0.20205717603718298,0.001328818081203112
0.36,0.36,0.36,0.825,0.08,0.82,0.08,AND,50000,5,1.4050715603096327,1.4050715603096327,2.3204366481524463,2.3396608513831127,0.819796,0.001978100098579437,0.079728,0.0008482452475552114,0.8252840000000001,0.0032554385265275857,0.08035600000000001,0.001446609829912683,0.7049519999999999,0.00341568733932133,0.017568,0.00040064947273146405,0.7400680000000001,0.002725384376560476,0.744928,0.004058167073938698,0.687384,0.00352974220021802,0.9227545105387271,0.001524522596224748,-0.2463068065600001,0.0019250005720429055,0.3590907168564956,0.0017375912790816904,0.3615513576909709,0.004172192563723574,0.15157093391017437,0.0030462270849948335,0.19445224475193837,0.0051731413202482585
0.36,0.36,0.36,0.8625,0.08,0.82,0.08,AND,50000,5,1.4050715603096327,1.4050715603096327,2.3204366481524463,2.496691927743801,0.81958,0.0016282505949637965,0.08090800000000001,0.001906494164690779,0.86348,0.001241772926102025,0.08026,0.0011081516141756057,0.731852,0.0017970308845426225,0.017312,0.0007877309185248478,0.738672,0.0019617135366816404,0.78322,0.002046216019876679,0.71454,0.002038626988931542,0.9123113852778488,0.0016155787110169188,-0.22880986943999998,0.0014443154623417775,0.3576594693892601,0.0023543126415526356,0.3623656899267856,0.003794461698594959,0.1459831355683021,0.007376150299819744,0.18300622489876242,0.005722152662072304
0.36,0.36,0.36,0.9,0.08,0.82,0.08,AND,50000,5,1.4050715603096327,1.4050715603096327,2.3204366481524463,2.6866231258542332,0.8205880000000001,0.002412492487034947,0.080196,0.000500479769820921,0.8994199999999999,0.0006170899448216885,0.079796,0.0011511211925770478,0.75836,0.0020088305055429704,0.01718,0.0006687301398920198,0.7403919999999999,0.002893254223188832,0.8196239999999999,0.0009014876593720231,0.74118,0.001871950854055733,0.904293246111683,0.0023381660364252027,-0.21199301512000002,0.001331787828158878,0.35962146947404705,0.004428981443521674,0.3598022235363598,0.006524023118974288,0.1464704325739618,0.007739257780593695,0.1759251519704012,0.006546354068768921
0.4800000000000001,0.4800000000000001,0.4800000000000001,0.6,0.08,0.82,0.08,AND,50000,5,1.4050715603096327,1.4050715603096327,2.3204366481524463,1.6584186634454325,0.8196999999999999,0.001841846899174856,0.080224,0.0016533239247044152,0.599228,0.0036779777052070323,0.07975600000000001,0.001881244269094265,0.5428240000000001,0.003985383293988193,0.022920000000000003,0.0014603424255975033,0.739476,0.0033344684733852387,0.519472,0.0050818618635299516,0.5199039999999999,0.004909244341036659,0.7030652811064808,0.004934679275909461,-0.35489656559999994,0.0028090198948877675,0.4822978963213277,0.0038328139137382778,0.47953067693496576,0.004040967385139796,0.2243167355947401,0.012435203771404463,0.27407454543786136,0.005951551278658534
0.4800000000000001,0.4800000000000001,0.4800000000000001,0.6375,0.08,0.82,0.08,AND,50000,5,1.4050715603096327,1.4050715603096327,2.3204366481524463,1.7568559052447887,0.81928,0.001281561547488069,0.079752,0.001042170811335645,0.636972,0.001957682303132976,0.08027599999999999,0.0017783925325979067,0.573376,0.0019328424664208815,0.022096,0.0004350632137977193,0.739528,0.001408374950075473,0.556696,0.00126731211625235,0.55128,0.002000299977503373,0.745448411292065,0.002286693537757594,-0.33325172296,0.001596025198917952,0.4791750405540539,0.0033274639856242147,0.479961515918293,0.004372219362853224,0.21324040998313368,0.006692918927320265,0.2784160525186649,0.0035282365103313875
0.4800000000000001,0.4800000000000001,0.4800000000000001,0.675,0.08,0.82,0.08,AND,50000,5,1.4050715603096327,1.4050715603096327,2.3204366481524463,1.8588337504795123,0.821184,0.0016665773309390655,0.080016,0.0014368298437880545,0.673492,0.0011491388079775521,0.07934,0.0007106335201775973,0.603268,0.001920083331524975,0.022336,0.0010745603752232815,0.7411679999999999,0.0016142862199746738,0.594152,0.0009922298120899386,0.580932,0.0018558879276508197,0.7838048044248168,0.0008995583471857267,-0.31402049992000003,0.0010831627080078433,0.48064375165934503,0.004535523050814423,0.47847652698038956,0.00300567015040345,0.2179411339703093,0.010253540811479727,0.27939831911488217,0.004183913775898867
0.4800000000000001,0.4800000000000001,0.4800000000000001,0.7125,0.08,0.82,0.08,AND,50000,5,1.4050715603096327,1.4050715603096327,2.3204366481524463,1.965774592184716,0.8195880000000001,0.0019607957568293366,0.08080400000000001,0.0014610544137710947,0.712568,0.0014292375589802866,0.08023999999999999,0.0015707959765672945,0.632532,0.0022905283233350194,0.022883999999999998,0.0010276575305032314,0.738784,0.0028787983604274888,0.632328,0.002299852169162126,0.609648,0.002880888751756967,0.8252038331642055,0.0017637075141211749,-0.2943062381599999,0.0015081625421354673,0.4811070904193059,0.002884576171920791,0.477516345356232,0.002032885869512901,0.221435480899891,0.008765003135490062,0.27880428619723135,0.0024118202651881504
0.4800000000000001,0.4800000000000001,0.4800000000000001,0.75,0.08,0.82,0.08,AND,50000,5,1.4050715603096327,1.4050715603096327,2.3204366481524463,2.0795613105057145,0.8193680000000001,0.0010434174619968642,0.07990799999999999,0.0015536151389581648,0.74962,0.003405495558652186,0.07986,0.0007998749902328448,0.6613559999999999,0.0030150422882606197,0.022940000000000002,0.0008805679985100531,0.73946,0.0022922914299887535,0.6697599999999999,0.0030223500789947877,0.6384160000000001,0.0031886486165772377,0.8633523241154109,0.0026616131848744636,-0.27553907615999995,0.001916440708456494,0.4812092641970331,0.002546623103954417,0.47996250103126636,0.002064117719965187,0.22530155994456647,0.011656180535469856,0.28282935882775523,0.0027248573837378343
0.4800000000000001,0.4800000000000001,0.4800000000000001,0.7875,0.08,0.82,0.08,AND,50000,5,1.4050715603096327,1.4050715603096327,2.3204366481524463,2.202848406434871,0.820284,0.0021885794479524785,0.07957600000000001,0.0011785923807661426,0.786824,0.002497294536092999,0.081172,0.0013101602955363856,0.6888880000000001,0.002755743093976656,0.022768,0.00065231894039649,0.740708,0.0018992946058997348,0.705652,0.0028916292985097223,0.66612,0.0025768973592287425,0.8993002334890413,0.0018363310910132417,-0.25755772239999997,0.001742456207124264,0.4786621957062886,0.003865833817370671,0.4779991668069754,0.004824044836562862,0.22066857236168272,0.007469539441489002,0.27643707439454945,0.005955681105316575
0.4800000000000001,0.4800000000000001,0.4800000000000001,0.825,0.08,0.82,0.08,AND,50000,5,1.4050715603096327,1.4050715603096327,2.3204366481524463,2.3396608513831127,0.8199960000000001,0.0016160693054445546,0.079572,0.0009571415778243052,0.826708,0.0016851468778714745,0.079292,0.0007381869681862425,0.717016,0.0019441913486074364,0.022427999999999997,0.0007642774365372832,0.7404240000000001,0.0018333248484652394,0.7474160000000001,0.0015374914633909296,0.694588,0.001722939348903485,0.9293204736565276,0.0021763196027113287,-0.23984688744000007,0.001345627410177406,0.481493300655693,0.004220493444651423,0.4775332471626932,0.00355412184649443,0.2203931808499779,0.007622023262067903,0.2690099299362095,0.006691306238200075
0.4800000000000001,0.4800000000000001,0.4800000000000001,0.8625,0.08,0.82,0.08,AND,50000,5,1.4050715603096327,1.4050715603096327,2.3204366481524463,2.496691927743801,0.819164,0.0012020316135609307,0.08038,0.0008686771552193608,0.8609639999999998,0.0007985486835503331,0.080368,0.0006165387254666157,0.7405,0.0012385475364313015,0.022476000000000003,0.00043986361522635556,0.7387839999999999,0.0019484557988314268,0.780596,0.0012024475040516062,0.718024,0.0015558534635369764,0.9198411848166927,0.0017294661899862267,-0.2246641404,0.0010380193954096812,0.4780319756656642,0.005786028940070268,0.47988402250355267,0.0016522948721689602,0.21667891147815072,0.004321563520078005,0.2645615628519894,0.003608420591003198
0.4800000000000001,0.4800000000000001,0.4800000000000001,0.9,0.08,0.82,0.08,AND,50000,5,1.4050715603096327,1.4050715603096327,2.3204366481524463,2.6866231258542332,0.82066,0.0016985287751463043,0.080336,0.001169221963529594,0.8998040000000002,0.0002639696952303514,0.080156,0.0016682565749907914,0.767164,0.001052463776098715,0.022736,0.000413376341848442,0.740324,0.001901651913468922,0.8196479999999999,0.0016572628035408233,0.744428,0.0010990541387939086,0.9082317294915059,0.0022052383395281105,-0.20873764616000007,0.0009992704572270473,0.4802894905514273,0.0013905019890355437,0.4824632079369488,0.004542410986386319,0.2208347635520759,0.005300844146662158,0.24940451376957734,0.006914038772265489
0.6,0.6,0.6,0.6,0.08,0.82,0.08,AND,50000,5,1.4050715603096327,1.4050715603096327,2.3204366481524463,1.6584186634454325,0.818704,0.0022225840816491025,0.079944,0.0013368171153901314,0.598124,0.002714494428065747,0.080428,0.001338700862777043,0.556452,0.00259409329053524,0.029003999999999995,0.0011260017761975335,0.7387600000000001,0.002597306296916105,0.517696,0.003299102908367659,0.5274479999999999,0.0032261618062335035,0.7139616572145241,0.0029481408708646765,-0.34655100159999996,0.0016566823694028837,0.6023126362848525,0.0030320668349880886,0.6015155474783735,0.0009375684057264896,0.30599789389547405,0.010393667434216703,0.3534835221447261,0.002707719202121159
0.6,0.6,0.6,0.6375,0.08,0.82,0.08,AND,50000,5,1.4050715603096327,1.4050715603096327,2.3204366481524463,1.7568559052447887,0.819932,0.0007417007482805875,0.07985199999999999,0.001045428141959073,0.6357039999999999,0.0021124582836117805,0.0805,0.0009352005132590567,0.587272,0.0023253214831502277,0.029072000000000004,0.0004548846007505645,0.7400800000000001,0.0012218837915284996,0.555204,0.00292606903541253,0.5582,0.002587778970468713,0.754243646823836,0.0035063836969713748,-0.3261876604799999,0.002017031115100707,0.601452776021594,0.0016128523986018398,0.5991639673301457,0.0006756159831161388,0.30706767852592437,0.0056406252926480115,0.35713571645729036,0.0066007429113234825
0.6,0.6,0.6,0.675,0.08,0.82,0.08,AND,50000,5,1.4050715603096327,1.4050715603096327,2.3204366481524463,1.8588337504795123,0.819844,0.0015559820050373365,0.08033199999999999,0.0009533729595494106,0.675612,0.0016049049816110577,0.079316,0.0006000666629633751,0.6189600000000001,0.0016276977606422877,0.028811999999999997,0.0003570994259306497,0.739512,0.0016818799005874584,0.5962959999999999,0.0011883097239356465,0.5901479999999999,0.0015296143304767856,0.798027874433749,0.003098345941912276,-0.30469221343999997,0.0015681500517756115,0.6005815951940531,0.0011566646712473166,0.6003009332812995,0.0027680257294048537,0.30553378039743895,0.0052979148864765215,0.361630789139651,0.004189619650175632
0.6,0.6,0.6,0.7125,0.08,0.82,0.08,AND,50000,5,1.4050715603096327,1.4050715603096327,2.3204366481524463,1.965774592184716,0.820092,0.0017896703607089563,0.079652,0.0006597878446894874,0.7122759999999999,0.0011143966977696976,0.07984,0.0012907362240210023,0.6486400000000001,0.002118867622103831,0.028783999999999997,0.0006793231925968669,0.7404400000000001,0.002248510618164899,0.632436,0.0022514617473988153,0.6198560000000001,0.002648108759095811,0.8371434834183006,0.0014710943227391787,-0.28473601912,0.0014911201729483692,0.5979536574802646,0.0030789391250611257,0.6008415105478516,0.003365957388817887,0.3055446512110497,0.005263286701166504,0.37098079771720643,0.00537604149896865
0.6,0.6,0.6,0.75,0.08,0.82,0.08,AND,50000,5,1.4050715603096327,1.4050715603096327,2.3204366481524463,2.0795613105057145,0.81986,0.0003908964057138516,0.080584,0.002636945202312706,0.7495240000000001,0.0013255489428912245,0.079652,0.0011527879249888073,0.676076,0.001645685267601284,0.028976000000000002,0.0010233669918460334,0.739276,0.002415342625798632,0.6698720000000001,0.0006999428548103312,0.6470999999999999,0.0017201744097619742,0.8753199721697736,0.002506002993304865,-0.26682679824,0.001340975793735254,0.601367346603676,0.0039422034924046,0.600807759586938,0.0026625237843587576,0.30609587265073207,0.009771030584730675,0.369774751780127,0.00554423526428833
0.6,0.6,0.6,0.7875,0.08,0.82,0.08,AND,50000,5,1.4050715603096327,1.4050715603096327,2.3204366481524463,2.202848406434871,0.81918,0.0021130546609115634,0.080884,0.001671789460428556,0.787036,0.0020600679600440196,0.08020000000000001,0.0006697760819856174,0.7028800000000001,0.0027167995877502692,0.029300000000000003,0.0008758995376183273,0.738296,0.003179918237942632,0.7068359999999999,0.0017036079361167544,0.6735800000000001,0.002930836058192272,0.9123461739781187,0.0022486158455562763,-0.24969640263999987,0.0018376521718162285,0.6002466064362675,0.0011881551588550632,0.6013228093918016,0.0015098375848424477,0.3080267603784499,0.0075861912536213235,0.36909631573669377,0.004178592378899719
0.6,0.6,0.6,0.825,0.08,0.82,0.08,AND,50000,5,1.4050715603096327,1.4050715603096327,2.3204366481524463,2.3396608513831127,0.8195880000000001,0.0009543165093405939,0.08059600000000001,0.000836468768095974,0.8243320000000001,0.0017253753214880533,0.079712,0.0009008440486565911,0.729056,0.0019606835542738447,0.029199999999999997,0.00037841775856849055,0.738992,0.0014563378728852936,0.74462,0.0015485477067239601,0.6998559999999999,0.0016182336048914242,0.9398839660381734,0.0014722781382547105,-0.23348875944000005,0.0013053643711163428,0.6008486763981031,0.003140623139152928,0.6033122366688906,0.0020380087020443454,0.30892226705451054,0.0037512222033107704,0.3652494067346549,0.004650062370046657
0.6,0.6,0.6,0.8625,0.08,0.82,0.08,AND,50000,5,1.4050715603096327,1.4050715603096327,2.3204366481524463,2.496691927743801,0.8198040000000001,0.0015295358773170504,0.080412,0.001199883327661488,0.8616759999999999,0.0010039322686317173,0.08012,0.0006089334939055328,0.753196,0.0013933700154660953,0.029252,0.00035145412218382,0.7393919999999999,0.0017461729582146114,0.781556,0.0011712728119443617,0.723944,0.0011220873406290407,0.9262866679025654,0.0016771013672561732,-0.21912884000000005,0.0009765910615424991,0.6020158205465311,0.003673550193183159,0.5996999934009781,0.002681448206820157,0.3089847599757885,0.0028830726462236904,0.35264474585721006,0.005016627194532424
0.6,0.6,0.6,0.9,0.08,0.82,0.08,AND,50000,5,1.4050715603096327,1.4050715603096327,2.3204366481524463,2.6866231258542332,0.8198640000000001,0.002579395277967283,0.079464,0.0005916755867872158,0.8996959999999999,0.001545664905469476,0.0782,0.0008625543461139117,0.775676,0.0035552608905676745,0.02828,0.00032984845004941336,0.7404,0.0027261694738221786,0.8214960000000001,0.002218846547195172,0.747396,0.003352771987475431,0.9097963160438318,0.0022727348424850143,-0.20626031559999997,0.0023896763970210864,0.6007822124519706,0.002988876514620723,0.6000784595079889,0.002961717932025363,0.30389535554767605,0.005408666272453781,0.32959193021545846,0.005445534530766573
